Workbook

Sheet Lists
A1: Dropdown lists and lookup tables. Formulas on other sheets point at these ranges - do not reorder or insert rows.
A2: Status | B2: Stage 1 category | C2: Q1 What starts it | D2: Q2 Where it lands | E2: Q2b Connectivity | F2: Q3 Reach | G2: Q4 Permissions | H2: Q5 Data class | I2: Q6 Know or do | J2: Q7 Connection | K2: Q8a Wrong answer | L2: Q8b Silent failure | M2: Yes / No | N2: Assurance tier | O2: Verb | P2: Benefit type | Q2: Hard or soft | R2: Gate status | S2: Ladder rung | T2: Owning team | U2: Phase | V2: Agent shape
A3: Not started | B3: Automation | C3: A person asks | D3: No interface | E3: Always connected | F3: 1 Me | G3: Acts as the user | H3: Public | I3: Nothing | J3: Yes, in production | K3: Read only | L3: Nothing | M3: Yes | N3: Light touch | O3: Assist | P3: Time or cost released | Q3: Hard | R3: Not met | S3: 1 Not AI | T3: Platform team | U3: a Interim | V3: Single agent
A4: In discovery | B4: Predictive or optimisation | C4: A person is already working | D4: Inside the tool they have open | E4: Intermittent | F4: 2 My team | G4: Acts as itself (service identity) | H4: Internal | I4: Static documents | J4: Yes, but not to this system | K4: Writes to a system | L4: Work is delayed | M4: No | N4: Owner approves | O4: Delegate | P4: Error and rework reduction | Q4: Soft | R4: In progress | S4: 2 Ready-made | T4: Workload team | U4: b Target | V4: Multi-agent: compliance boundary
A5: Contract agreed | B5: Retrieval | C5: A system event | D5: Collaboration surface | E5: Must work offline | F5: 3 Function | H5: Confidential | I5: Analytical data | J5: No | K5: Real-world effect | L5: A person is affected | M5: Unknown | N5: Controlled pilot | O5: Monitor | P5: Speed and responsiveness | Q5: Hard or soft | R5: Met | S5: 3 Low-code | T5: AI Centre of Excellence | U5: Single | V5: Multi-agent: multiple teams
A6: Scored | B6: LLM-augmented workflow | C6: A schedule | D6: Embedded in a line of business app | E6: Not applicable | F6: 4 Enterprise | H6: Regulated | I6: Live system state | N6: Full assurance | O6: Specialize | P6: Risk and compliance avoided | R6: Not applicable | S6: 4 Pro-code | T6: Partner | V6: Multi-agent: planned growth
A7: Approved | B7: Agent | C7: Another agent | D7: Frontline device | F7: 5 External | I7: Take an action | O7: Control | P7: Capacity redirected to the mission | S7: 5 Infrastructure
A8: Building | D8: External channel | O8: Adapt | P8: Experience and retention
A9: Piloting | O9: Act locally
A10: Released | O10: Build
A11: Parked
A12: Rejected
A30: Stage 4 - assurance tier matrix (consequence x reach). Header row 31, data rows 32-34.
A31: Q8a consequence | B31: 1-2 | C31: 3 | D31: 4-5
A32: Read only | B32: Light touch | C32: Owner approves | D32: Controlled pilot
A33: Writes to a system | B33: Owner approves | C33: Controlled pilot | D33: Full assurance
A34: Real-world effect | B34: Controlled pilot | C34: Full assurance | D34: Full assurance
A35: Tier ordinals. Data rows 37-40.
A36: Tier | B36: Ordinal | C36: What it means
A37: Light touch | B37: 1 | C37: Ship it. Standard guardrails only.
A38: Owner approves | B38: 2 | C38: Named owner signs off. Spot-checked, not gated.
A39: Controlled pilot | B39: 3 | C39: Measured pilot, defined success criteria, a decision gate.
A40: Full assurance | B40: 4 | C40: Evaluations, human in the loop, monitoring, a route to a person.
A41: Stage 5 level 2 - the eight verbs. Data rows 43-50.
A42: Verb | B42: Lands on | C42: Selected by
A43: Assist | B43: Microsoft 365 Copilot | C43: Q1 person already working - Q2 inside the tool they have open - Q8a read only
A44: Delegate | B44: Copilot Cowork | C44: Q1 person asks - Q6 take an action across several M365 surfaces - returns a finished artefact
A45: Monitor | B45: Fabric operations agent | C45: Q1 system event or schedule - Q6 live system state - Q2 no interface, output arrives in Teams
A46: Specialize | B46: Declarative agent / Agent Builder | C46: Q1 person asks - Q6 static documents - Q3 team or function - stable scope
A47: Control | B47: Copilot Studio, standard harness | C47: Q8a writes to a system - consistency and branching matter - analytics and channel publishing
A48: Adapt | B48: Copilot Studio, GitHub Copilot harness | C48: Reasoning-heavy - multi-tool - document-intensive - the path is not fixed
A49: Act locally | B49: Microsoft Scout | C49: Q2 local files, shell or browser - Q5 data that should not leave the device
A50: Build | B50: Microsoft Foundry (+ Foundry Local) | C50: Q3 tier 4-5 - Q5 regulated - Q8a real-world effect - needs evaluation, tracing, VNet
A51: Q5 - what each data class forces. Data rows 53-56.
A52: Answer | B52: What it forces
A53: Public | B53: Must not touch internal sources. Separate environment from internal agents.
A54: Internal | B54: Standard M365 or Foundry standard setup, public networking. Labels honoured.
A55: Confidential | B55: Foundry standard with private networking, or Copilot Studio with data location set. Explicit DLP policy. Named retention period.
A56: Regulated | B56: All of the above, plus consent and residency answered before build, plus retention and deletion mechanisms, plus a named accountable human.
A57: Stage 4 - release gate, the three tests behind each check.
A58: Check | B58: Test 1 | C58: Test 2 | D58: Test 3
A59: 1. Accountable | B59: Named business owner | C59: Named technical owner | D59: Intended users and purpose recorded
A60: 2. Identifiable | B60: Agent entered in the organisational registry | C60: One distinct identity | D60: Ownership and lifecycle status visible
A61: 3. Constrained | B61: Only required data and tools allowed | C61: User-delegated or service identity explicitly chosen | D61: External connections approved
A62: 4. Tested | B62: Success and failure criteria defined | C62: Security and adversarial testing completed | D62: Human intervention defined where required
A63: 5. Observable | B63: Activity, quality, access and cost monitored | C63: Logs retained according to policy | D63: Alerts routed to the appropriate operational team
A64: 6. Recoverable | B64: Kill switch or disable path | C64: Incident owner and escalation path | D64: Rollback, evidence preservation and review process
A65: Stage 2 - benefit types.
A66: Benefit type | B66: Typically | C66: Example
A67: Time or cost released | B67: Hard | C67: Hours returned to a team
A68: Error and rework reduction | B68: Hard | C68: Fewer corrections, fewer escalations
A69: Speed and responsiveness | B69: Hard or soft | C69: Days to hours in a process
A70: Risk and compliance avoided | B70: Soft, sometimes very large | C70: Audit readiness, a missed obligation avoided
A71: Capacity redirected to the mission | B71: Soft | C71: More time with clients rather than fewer staff
A72: Experience and retention | B72: Soft | C72: Reduced administrative burden on frontline staff
A73: Is your human in the loop real?
A74: Real | B74: Theatre
A75: A specific condition triggers review, not 'sometimes' | B75: Everything gets flagged, so reviewers stopped reading
A76: The reviewer sees the reasoning | B76: The reviewer only sees the final output
A77: Rejecting has actually been exercised | B77: Nobody has ever clicked reject
A78: The decision and its reason are logged | B78: No record of who approved what
A79: Stage 1 - four outcomes, and only one is an agent.
A80: Outcome | B80: Test | C80: Goes to | D80: AI governance?
A81: Automation | B81: Steps are clear, repeatable, follow strict rules | C81: Power Automate, Logic Apps, code | D81: No
A82: Predictive or optimisation | B82: Forecasting, scoring, matching or pattern-finding rather than language | C82: Fabric data science, Azure ML, prebuilt Foundry models | D82: Model governance, not agent governance
A83: Retrieval | B83: Static question and answer, or summarising a fixed set of documents | C83: SharePoint agent, Copilot Studio retrieval agent, classic RAG | D83: Light
A84: LLM-augmented workflow | B84: A fixed flow with exactly one intelligent step: summarise, classify, extract, draft | C84: A flow with an AI action, or a scheduled prompt | D84: Proportional to consequence
A85: Agent | B85: Decides its own next step, picks its own tools, copes with messy input | C85: Continue to Stage 2 | D85: Yes, full

Sheet Start here
B2: AI use case decision workbook - WORKED SAMPLE
B3: Two illustrative rows, filled in end to end, so the method can be read without a customer in the room. Every name, number and system is invented. UC-01 is what a genuine quick win looks like. UC-02 is what one does not, and the workbook says why in each column rather than just asserting it. Delete both rows to use this as a live workbook.
B5: How to use it
B6: One row per job | C6: Row 3 on every sheet is the same use case as row 3 on every other sheet. Split vague labels into jobs before you start: one label often covers three or four jobs, each with a different risk profile and a different owner. Phase a use case with a shared ID and the Phase column - UC-06a interim, UC-06b target - and score each phase separately.
B7: Cream cells are yours | C7: Cream cells are inputs. Blue-grey italic cells are calculated - do not type in them.
B8: Work left to right | C8: Register, then Outcome contract, then Eight questions. Assurance and gate, Technology direction and Answers out then fill themselves in.
B9: Blanks are the deliverable | C9: The value baseline and owner cells are usually the emptiest in the workbook and only the customer can fill them. A named, specific list of what is missing is a more useful deliverable than a set of confident guesses. The last column of Answers out builds that list per row automatically.
B11: The eight stages
B12: Stage 0 - Business plan for AI agents | C12: Frame the list. Desirability, feasibility, viability, responsibility. Split vague labels into jobs, deduplicate, allow phasing.
B13: Stage 1 - Is this AI at all? | C13: Four outcomes and only one is an agent: automation, predictive, LLM-augmented, agent, with retrieval alongside as the light case. The highest-value gate in the framework for saving money.
B14: Stage 2 - The outcome contract | C14: The result, the owner, the boundary, the gates, the value baseline. Five things, all before anyone opens a product page.
B15: Stage 3 - The eight questions | C15: None of them names a product. Answer them and the platform, retrieval pattern, identity model, network topology and assurance bar are already determined.
B16: Stage 4 - Assurance tier and release gate | C16: Consequence by reach sets the tier. Q8b lifts it. Regulated data floors it. Then six checks: accountable, identifiable, constrained, tested, observable, recoverable.
B17: Stage 5 - Technology direction | C17: Prefer the lowest rung that works, and read assurance before category. Low-code supports autonomous agents - do not climb a rung you do not need.
B18: Stage 6 - Prove it | C18: Prototype time-boxed, pilot the hardest step, evaluate against the Stage 2 measure, red team, release only once the control has run for real.
B19: Stage 7 - Operate | C19: Monitor the outcome measure not uptime, re-evaluate on a schedule, keep the control staffed, name the back-to-design triggers, audit the estate.
B21: The sheets
B22: Register | C22: Identity, Stage 0 scores, Stage 1 category, and the rollup of every calculated answer.
B23: Outcome contract | C23: Stage 2. The five contract items and the six value baseline measurements.
B24: Eight questions | C24: Stage 3. Q1 to Q8b, plus intended versus pilot reach and the connectivity assumption.
B25: Assurance and gate | C25: Stage 4. Calculated tier with the working shown, then the six-point release gate.
B26: Technology direction | C26: Stage 5. Calculated ladder rung, suggested verb, landing product, run-location constraints.
B27: Prove and operate | C27: Stages 6 and 7. Prototype, evaluation, red team, release, then the run obligations.
B28: Answers out | C28: The eight columns the customer asked for, produced from the stages above.
B29: Scoring | C29: The Cloud Adoption Framework's nine sub-criteria, three axes, 1 to 5.
B30: Lists | C30: Dropdown lists and lookup tables. Formulas point at these ranges - do not reorder.
B31: Decision logic | C31: How every calculated column is derived, in words.
B32: Platform reference | C32: The seven surfaces, what they run on, what they are best for.
B33: References | C33: Cloud Adoption Framework sources, per stage.
B35: Version and status
B36: What this is | C36: An independent decision framework and the author's own professional recommendations. It builds on publicly available Microsoft Cloud Adoption Framework guidance, which is linked at each stage. It is NOT official Microsoft guidance, NOT a Microsoft product, and NOT supported by Microsoft.
B37: Not professional advice | C37: Nothing here is legal, regulatory, clinical, privacy or financial advice. The assurance tiers and governance positions are the author's recommendations, not a compliance standard. Validate against your own obligations and take professional advice where those obligations apply.
B38: No commercial terms | C38: This workbook deliberately carries no licensing, pricing or entitlement information. Those are customer-specific, move quarterly, and are not this framework's to state. Confirm licensing, preview status and regional availability with Microsoft before any recommendation.
B39: Product claims | C39: The framework names capabilities. Where the workbook names a product, treat it as current-as-checked and confirm before rollout.
B40: No warranty | C40: Provided as is, without warranty of any kind. You are responsible for decisions made using it.
B41: Generated | C41: 2026-09-10

Sheet Register
A1: IDENTITY | J1: STAGE 0 BUSINESS PLAN (1-5 each) | O1: STAGE 1 IS THIS AI AT ALL? | W1: ROLLUP (calculated)
A2: ID | B2: Phase | C2: Use case (one job, one owner, one risk profile) | D2: What it actually does, in one sentence | E2: Business area | F2: Requested by | G2: Status | H2: Date reviewed | I2: Duplicate of / related to | J2: Desirability | K2: Feasibility | L2: Viability | M2: Responsibility (1-5) | N2: Stage 0 total (of 20) | O2: Language or judgement needed? | P2: Forecasting, scoring or matching? | Q2: Multi-step decisions? | R2: Many tools or systems? | S2: Adaptive to messy input? | T2: Suggested category | U2: Category (confirmed) | V2: Route if it is not an agent | W2: Assurance tier | X2: Ladder rung | Y2: Lands on | Z2: Time estimate | AA2: Quick win? | AB2: Contract complete
A3: UC-01 | B3: Single | C3: Policy and procedure assistant | D3: Answers staff questions about internal policy by searching the approved policy library on SharePoint, and quotes the source document in every answer. | E3: People and Culture | F3: A. Whitfield, Head of P&C Operations | G3: Approved | H3: 46268.583 | J3: =IF(Scoring!N3="","",ROUND(Scoring!N3/3,1)) | K3: =IF(Scoring!M3="","",ROUND(Scoring!M3/3,1)) | L3: =IF(Scoring!L3="","",ROUND(Scoring!L3/3,1)) | M3: 5 | N3: =IF(COUNT(J3:M3)<4,"",SUM(J3:M3)) | O3: Yes | P3: No | Q3: No | R3: No | S3: No | T3: =IF(COUNTBLANK(O3:S3)>0,"",IF(P3="Yes","Predictive or optimisation",IF(O3="No","Automation",IF(AND(Q3="Yes",R3="Yes",S3="Yes"),"Agent",IF(AND(Q3="No",R3="No"),"Retrieval","LLM-augmented workflow"))))) | U3: Retrieval | V3: =IF(U3="","",IF(U3="Automation","Power Automate, Logic Apps or code. No AI governance.",IF(U3="Predictive or optimisation","Fabric data science, Azure ML or a prebuilt Foundry model. Model governance, not agent governance.",IF(U3="Retrieval","SharePoint agent, Copilot Studio retrieval agent or classic RAG. Light governance.",IF(U3="LLM-augmented workflow","A flow with one AI action, or a scheduled prompt. Governance proportional to consequence.","Agent. Continue to Stage 2."))))) | W3: =IF('Assurance and gate'!K3="","",'Assurance and gate'!K3) | X3: =IF(IF('Technology direction'!D3="",'Technology direction'!C3,'Technology direction'!D3)="","",IF('Technology direction'!D3="",'Technology direction'!C3,'Technology direction'!D3)) | Y3: =IF('Technology direction'!H3="","",'Technology direction'!H3) | Z3: =IF('Answers out'!K3="","",'Answers out'!K3) | AA3: =IF('Answers out'!C3="","",'Answers out'!C3) | AB3: =IF('Answers out'!N3="","",'Answers out'!N3)
A4: UC-02 | B4: Single | C4: Clinical visit scribe | D4: A care worker speaks a summary at the end of a home visit; the agent drafts the clinical progress note, files it against the client record, and flags anything a clinician needs to review. | E4: Clinical Services | F4: Dr M. Ferreira, Clinical Director | G4: In discovery | H4: 46273.583 | I4: Related to UC-01 only in that both were labelled "an AI assistant" on the original list. Split at Stage 0. | J4: =IF(Scoring!N4="","",ROUND(Scoring!N4/3,1)) | K4: =IF(Scoring!M4="","",ROUND(Scoring!M4/3,1)) | L4: =IF(Scoring!L4="","",ROUND(Scoring!L4/3,1)) | M4: 3 | N4: =IF(COUNT(J4:M4)<4,"",SUM(J4:M4)) | O4: Yes | P4: No | Q4: Yes | R4: Yes | S4: Yes | T4: =IF(COUNTBLANK(O4:S4)>0,"",IF(P4="Yes","Predictive or optimisation",IF(O4="No","Automation",IF(AND(Q4="Yes",R4="Yes",S4="Yes"),"Agent",IF(AND(Q4="No",R4="No"),"Retrieval","LLM-augmented workflow"))))) | U4: Agent | V4: =IF(U4="","",IF(U4="Automation","Power Automate, Logic Apps or code. No AI governance.",IF(U4="Predictive or optimisation","Fabric data science, Azure ML or a prebuilt Foundry model. Model governance, not agent governance.",IF(U4="Retrieval","SharePoint agent, Copilot Studio retrieval agent or classic RAG. Light governance.",IF(U4="LLM-augmented workflow","A flow with one AI action, or a scheduled prompt. Governance proportional to consequence.","Agent. Continue to Stage 2."))))) | W4: =IF('Assurance and gate'!K4="","",'Assurance and gate'!K4) | X4: =IF(IF('Technology direction'!D4="",'Technology direction'!C4,'Technology direction'!D4)="","",IF('Technology direction'!D4="",'Technology direction'!C4,'Technology direction'!D4)) | Y4: =IF('Technology direction'!H4="","",'Technology direction'!H4) | Z4: =IF('Answers out'!K4="","",'Answers out'!K4) | AA4: =IF('Answers out'!C4="","",'Answers out'!C4) | AB4: =IF('Answers out'!N4="","",'Answers out'!N4)
J5: =IF(Scoring!N5="","",ROUND(Scoring!N5/3,1)) | K5: =IF(Scoring!M5="","",ROUND(Scoring!M5/3,1)) | L5: =IF(Scoring!L5="","",ROUND(Scoring!L5/3,1)) | N5: =IF(COUNT(J5:M5)<4,"",SUM(J5:M5)) | T5: =IF(COUNTBLANK(O5:S5)>0,"",IF(P5="Yes","Predictive or optimisation",IF(O5="No","Automation",IF(AND(Q5="Yes",R5="Yes",S5="Yes"),"Agent",IF(AND(Q5="No",R5="No"),"Retrieval","LLM-augmented workflow"))))) | V5: =IF(U5="","",IF(U5="Automation","Power Automate, Logic Apps or code. No AI governance.",IF(U5="Predictive or optimisation","Fabric data science, Azure ML or a prebuilt Foundry model. Model governance, not agent governance.",IF(U5="Retrieval","SharePoint agent, Copilot Studio retrieval agent or classic RAG. Light governance.",IF(U5="LLM-augmented workflow","A flow with one AI action, or a scheduled prompt. Governance proportional to consequence.","Agent. Continue to Stage 2."))))) | W5: =IF('Assurance and gate'!K5="","",'Assurance and gate'!K5) | X5: =IF(IF('Technology direction'!D5="",'Technology direction'!C5,'Technology direction'!D5)="","",IF('Technology direction'!D5="",'Technology direction'!C5,'Technology direction'!D5)) | Y5: =IF('Technology direction'!H5="","",'Technology direction'!H5) | Z5: =IF('Answers out'!K5="","",'Answers out'!K5) | AA5: =IF('Answers out'!C5="","",'Answers out'!C5) | AB5: =IF('Answers out'!N5="","",'Answers out'!N5)
J6: =IF(Scoring!N6="","",ROUND(Scoring!N6/3,1)) | K6: =IF(Scoring!M6="","",ROUND(Scoring!M6/3,1)) | L6: =IF(Scoring!L6="","",ROUND(Scoring!L6/3,1)) | N6: =IF(COUNT(J6:M6)<4,"",SUM(J6:M6)) | T6: =IF(COUNTBLANK(O6:S6)>0,"",IF(P6="Yes","Predictive or optimisation",IF(O6="No","Automation",IF(AND(Q6="Yes",R6="Yes",S6="Yes"),"Agent",IF(AND(Q6="No",R6="No"),"Retrieval","LLM-augmented workflow"))))) | V6: =IF(U6="","",IF(U6="Automation","Power Automate, Logic Apps or code. No AI governance.",IF(U6="Predictive or optimisation","Fabric data science, Azure ML or a prebuilt Foundry model. Model governance, not agent governance.",IF(U6="Retrieval","SharePoint agent, Copilot Studio retrieval agent or classic RAG. Light governance.",IF(U6="LLM-augmented workflow","A flow with one AI action, or a scheduled prompt. Governance proportional to consequence.","Agent. Continue to Stage 2."))))) | W6: =IF('Assurance and gate'!K6="","",'Assurance and gate'!K6) | X6: =IF(IF('Technology direction'!D6="",'Technology direction'!C6,'Technology direction'!D6)="","",IF('Technology direction'!D6="",'Technology direction'!C6,'Technology direction'!D6)) | Y6: =IF('Technology direction'!H6="","",'Technology direction'!H6) | Z6: =IF('Answers out'!K6="","",'Answers out'!K6) | AA6: =IF('Answers out'!C6="","",'Answers out'!C6) | AB6: =IF('Answers out'!N6="","",'Answers out'!N6)
J7: =IF(Scoring!N7="","",ROUND(Scoring!N7/3,1)) | K7: =IF(Scoring!M7="","",ROUND(Scoring!M7/3,1)) | L7: =IF(Scoring!L7="","",ROUND(Scoring!L7/3,1)) | N7: =IF(COUNT(J7:M7)<4,"",SUM(J7:M7)) | T7: =IF(COUNTBLANK(O7:S7)>0,"",IF(P7="Yes","Predictive or optimisation",IF(O7="No","Automation",IF(AND(Q7="Yes",R7="Yes",S7="Yes"),"Agent",IF(AND(Q7="No",R7="No"),"Retrieval","LLM-augmented workflow"))))) | V7: =IF(U7="","",IF(U7="Automation","Power Automate, Logic Apps or code. No AI governance.",IF(U7="Predictive or optimisation","Fabric data science, Azure ML or a prebuilt Foundry model. Model governance, not agent governance.",IF(U7="Retrieval","SharePoint agent, Copilot Studio retrieval agent or classic RAG. Light governance.",IF(U7="LLM-augmented workflow","A flow with one AI action, or a scheduled prompt. Governance proportional to consequence.","Agent. Continue to Stage 2."))))) | W7: =IF('Assurance and gate'!K7="","",'Assurance and gate'!K7) | X7: =IF(IF('Technology direction'!D7="",'Technology direction'!C7,'Technology direction'!D7)="","",IF('Technology direction'!D7="",'Technology direction'!C7,'Technology direction'!D7)) | Y7: =IF('Technology direction'!H7="","",'Technology direction'!H7) | Z7: =IF('Answers out'!K7="","",'Answers out'!K7) | AA7: =IF('Answers out'!C7="","",'Answers out'!C7) | AB7: =IF('Answers out'!N7="","",'Answers out'!N7)
J8: =IF(Scoring!N8="","",ROUND(Scoring!N8/3,1)) | K8: =IF(Scoring!M8="","",ROUND(Scoring!M8/3,1)) | L8: =IF(Scoring!L8="","",ROUND(Scoring!L8/3,1)) | N8: =IF(COUNT(J8:M8)<4,"",SUM(J8:M8)) | T8: =IF(COUNTBLANK(O8:S8)>0,"",IF(P8="Yes","Predictive or optimisation",IF(O8="No","Automation",IF(AND(Q8="Yes",R8="Yes",S8="Yes"),"Agent",IF(AND(Q8="No",R8="No"),"Retrieval","LLM-augmented workflow"))))) | V8: =IF(U8="","",IF(U8="Automation","Power Automate, Logic Apps or code. No AI governance.",IF(U8="Predictive or optimisation","Fabric data science, Azure ML or a prebuilt Foundry model. Model governance, not agent governance.",IF(U8="Retrieval","SharePoint agent, Copilot Studio retrieval agent or classic RAG. Light governance.",IF(U8="LLM-augmented workflow","A flow with one AI action, or a scheduled prompt. Governance proportional to consequence.","Agent. Continue to Stage 2."))))) | W8: =IF('Assurance and gate'!K8="","",'Assurance and gate'!K8) | X8: =IF(IF('Technology direction'!D8="",'Technology direction'!C8,'Technology direction'!D8)="","",IF('Technology direction'!D8="",'Technology direction'!C8,'Technology direction'!D8)) | Y8: =IF('Technology direction'!H8="","",'Technology direction'!H8) | Z8: =IF('Answers out'!K8="","",'Answers out'!K8) | AA8: =IF('Answers out'!C8="","",'Answers out'!C8) | AB8: =IF('Answers out'!N8="","",'Answers out'!N8)
J9: =IF(Scoring!N9="","",ROUND(Scoring!N9/3,1)) | K9: =IF(Scoring!M9="","",ROUND(Scoring!M9/3,1)) | L9: =IF(Scoring!L9="","",ROUND(Scoring!L9/3,1)) | N9: =IF(COUNT(J9:M9)<4,"",SUM(J9:M9)) | T9: =IF(COUNTBLANK(O9:S9)>0,"",IF(P9="Yes","Predictive or optimisation",IF(O9="No","Automation",IF(AND(Q9="Yes",R9="Yes",S9="Yes"),"Agent",IF(AND(Q9="No",R9="No"),"Retrieval","LLM-augmented workflow"))))) | V9: =IF(U9="","",IF(U9="Automation","Power Automate, Logic Apps or code. No AI governance.",IF(U9="Predictive or optimisation","Fabric data science, Azure ML or a prebuilt Foundry model. Model governance, not agent governance.",IF(U9="Retrieval","SharePoint agent, Copilot Studio retrieval agent or classic RAG. Light governance.",IF(U9="LLM-augmented workflow","A flow with one AI action, or a scheduled prompt. Governance proportional to consequence.","Agent. Continue to Stage 2."))))) | W9: =IF('Assurance and gate'!K9="","",'Assurance and gate'!K9) | X9: =IF(IF('Technology direction'!D9="",'Technology direction'!C9,'Technology direction'!D9)="","",IF('Technology direction'!D9="",'Technology direction'!C9,'Technology direction'!D9)) | Y9: =IF('Technology direction'!H9="","",'Technology direction'!H9) | Z9: =IF('Answers out'!K9="","",'Answers out'!K9) | AA9: =IF('Answers out'!C9="","",'Answers out'!C9) | AB9: =IF('Answers out'!N9="","",'Answers out'!N9)
J10: =IF(Scoring!N10="","",ROUND(Scoring!N10/3,1)) | K10: =IF(Scoring!M10="","",ROUND(Scoring!M10/3,1)) | L10: =IF(Scoring!L10="","",ROUND(Scoring!L10/3,1)) | N10: =IF(COUNT(J10:M10)<4,"",SUM(J10:M10)) | T10: =IF(COUNTBLANK(O10:S10)>0,"",IF(P10="Yes","Predictive or optimisation",IF(O10="No","Automation",IF(AND(Q10="Yes",R10="Yes",S10="Yes"),"Agent",IF(AND(Q10="No",R10="No"),"Retrieval","LLM-augmented workflow"))))) | V10: =IF(U10="","",IF(U10="Automation","Power Automate, Logic Apps or code. No AI governance.",IF(U10="Predictive or optimisation","Fabric data science, Azure ML or a prebuilt Foundry model. Model governance, not agent governance.",IF(U10="Retrieval","SharePoint agent, Copilot Studio retrieval agent or classic RAG. Light governance.",IF(U10="LLM-augmented workflow","A flow with one AI action, or a scheduled prompt. Governance proportional to consequence.","Agent. Continue to Stage 2."))))) | W10: =IF('Assurance and gate'!K10="","",'Assurance and gate'!K10) | X10: =IF(IF('Technology direction'!D10="",'Technology direction'!C10,'Technology direction'!D10)="","",IF('Technology direction'!D10="",'Technology direction'!C10,'Technology direction'!D10)) | Y10: =IF('Technology direction'!H10="","",'Technology direction'!H10) | Z10: =IF('Answers out'!K10="","",'Answers out'!K10) | AA10: =IF('Answers out'!C10="","",'Answers out'!C10) | AB10: =IF('Answers out'!N10="","",'Answers out'!N10)
J11: =IF(Scoring!N11="","",ROUND(Scoring!N11/3,1)) | K11: =IF(Scoring!M11="","",ROUND(Scoring!M11/3,1)) | L11: =IF(Scoring!L11="","",ROUND(Scoring!L11/3,1)) | N11: =IF(COUNT(J11:M11)<4,"",SUM(J11:M11)) | T11: =IF(COUNTBLANK(O11:S11)>0,"",IF(P11="Yes","Predictive or optimisation",IF(O11="No","Automation",IF(AND(Q11="Yes",R11="Yes",S11="Yes"),"Agent",IF(AND(Q11="No",R11="No"),"Retrieval","LLM-augmented workflow"))))) | V11: =IF(U11="","",IF(U11="Automation","Power Automate, Logic Apps or code. No AI governance.",IF(U11="Predictive or optimisation","Fabric data science, Azure ML or a prebuilt Foundry model. Model governance, not agent governance.",IF(U11="Retrieval","SharePoint agent, Copilot Studio retrieval agent or classic RAG. Light governance.",IF(U11="LLM-augmented workflow","A flow with one AI action, or a scheduled prompt. Governance proportional to consequence.","Agent. Continue to Stage 2."))))) | W11: =IF('Assurance and gate'!K11="","",'Assurance and gate'!K11) | X11: =IF(IF('Technology direction'!D11="",'Technology direction'!C11,'Technology direction'!D11)="","",IF('Technology direction'!D11="",'Technology direction'!C11,'Technology direction'!D11)) | Y11: =IF('Technology direction'!H11="","",'Technology direction'!H11) | Z11: =IF('Answers out'!K11="","",'Answers out'!K11) | AA11: =IF('Answers out'!C11="","",'Answers out'!C11) | AB11: =IF('Answers out'!N11="","",'Answers out'!N11)
J12: =IF(Scoring!N12="","",ROUND(Scoring!N12/3,1)) | K12: =IF(Scoring!M12="","",ROUND(Scoring!M12/3,1)) | L12: =IF(Scoring!L12="","",ROUND(Scoring!L12/3,1)) | N12: =IF(COUNT(J12:M12)<4,"",SUM(J12:M12)) | T12: =IF(COUNTBLANK(O12:S12)>0,"",IF(P12="Yes","Predictive or optimisation",IF(O12="No","Automation",IF(AND(Q12="Yes",R12="Yes",S12="Yes"),"Agent",IF(AND(Q12="No",R12="No"),"Retrieval","LLM-augmented workflow"))))) | V12: =IF(U12="","",IF(U12="Automation","Power Automate, Logic Apps or code. No AI governance.",IF(U12="Predictive or optimisation","Fabric data science, Azure ML or a prebuilt Foundry model. Model governance, not agent governance.",IF(U12="Retrieval","SharePoint agent, Copilot Studio retrieval agent or classic RAG. Light governance.",IF(U12="LLM-augmented workflow","A flow with one AI action, or a scheduled prompt. Governance proportional to consequence.","Agent. Continue to Stage 2."))))) | W12: =IF('Assurance and gate'!K12="","",'Assurance and gate'!K12) | X12: =IF(IF('Technology direction'!D12="",'Technology direction'!C12,'Technology direction'!D12)="","",IF('Technology direction'!D12="",'Technology direction'!C12,'Technology direction'!D12)) | Y12: =IF('Technology direction'!H12="","",'Technology direction'!H12) | Z12: =IF('Answers out'!K12="","",'Answers out'!K12) | AA12: =IF('Answers out'!C12="","",'Answers out'!C12) | AB12: =IF('Answers out'!N12="","",'Answers out'!N12)
J13: =IF(Scoring!N13="","",ROUND(Scoring!N13/3,1)) | K13: =IF(Scoring!M13="","",ROUND(Scoring!M13/3,1)) | L13: =IF(Scoring!L13="","",ROUND(Scoring!L13/3,1)) | N13: =IF(COUNT(J13:M13)<4,"",SUM(J13:M13)) | T13: =IF(COUNTBLANK(O13:S13)>0,"",IF(P13="Yes","Predictive or optimisation",IF(O13="No","Automation",IF(AND(Q13="Yes",R13="Yes",S13="Yes"),"Agent",IF(AND(Q13="No",R13="No"),"Retrieval","LLM-augmented workflow"))))) | V13: =IF(U13="","",IF(U13="Automation","Power Automate, Logic Apps or code. No AI governance.",IF(U13="Predictive or optimisation","Fabric data science, Azure ML or a prebuilt Foundry model. Model governance, not agent governance.",IF(U13="Retrieval","SharePoint agent, Copilot Studio retrieval agent or classic RAG. Light governance.",IF(U13="LLM-augmented workflow","A flow with one AI action, or a scheduled prompt. Governance proportional to consequence.","Agent. Continue to Stage 2."))))) | W13: =IF('Assurance and gate'!K13="","",'Assurance and gate'!K13) | X13: =IF(IF('Technology direction'!D13="",'Technology direction'!C13,'Technology direction'!D13)="","",IF('Technology direction'!D13="",'Technology direction'!C13,'Technology direction'!D13)) | Y13: =IF('Technology direction'!H13="","",'Technology direction'!H13) | Z13: =IF('Answers out'!K13="","",'Answers out'!K13) | AA13: =IF('Answers out'!C13="","",'Answers out'!C13) | AB13: =IF('Answers out'!N13="","",'Answers out'!N13)
J14: =IF(Scoring!N14="","",ROUND(Scoring!N14/3,1)) | K14: =IF(Scoring!M14="","",ROUND(Scoring!M14/3,1)) | L14: =IF(Scoring!L14="","",ROUND(Scoring!L14/3,1)) | N14: =IF(COUNT(J14:M14)<4,"",SUM(J14:M14)) | T14: =IF(COUNTBLANK(O14:S14)>0,"",IF(P14="Yes","Predictive or optimisation",IF(O14="No","Automation",IF(AND(Q14="Yes",R14="Yes",S14="Yes"),"Agent",IF(AND(Q14="No",R14="No"),"Retrieval","LLM-augmented workflow"))))) | V14: =IF(U14="","",IF(U14="Automation","Power Automate, Logic Apps or code. No AI governance.",IF(U14="Predictive or optimisation","Fabric data science, Azure ML or a prebuilt Foundry model. Model governance, not agent governance.",IF(U14="Retrieval","SharePoint agent, Copilot Studio retrieval agent or classic RAG. Light governance.",IF(U14="LLM-augmented workflow","A flow with one AI action, or a scheduled prompt. Governance proportional to consequence.","Agent. Continue to Stage 2."))))) | W14: =IF('Assurance and gate'!K14="","",'Assurance and gate'!K14) | X14: =IF(IF('Technology direction'!D14="",'Technology direction'!C14,'Technology direction'!D14)="","",IF('Technology direction'!D14="",'Technology direction'!C14,'Technology direction'!D14)) | Y14: =IF('Technology direction'!H14="","",'Technology direction'!H14) | Z14: =IF('Answers out'!K14="","",'Answers out'!K14) | AA14: =IF('Answers out'!C14="","",'Answers out'!C14) | AB14: =IF('Answers out'!N14="","",'Answers out'!N14)
J15: =IF(Scoring!N15="","",ROUND(Scoring!N15/3,1)) | K15: =IF(Scoring!M15="","",ROUND(Scoring!M15/3,1)) | L15: =IF(Scoring!L15="","",ROUND(Scoring!L15/3,1)) | N15: =IF(COUNT(J15:M15)<4,"",SUM(J15:M15)) | T15: =IF(COUNTBLANK(O15:S15)>0,"",IF(P15="Yes","Predictive or optimisation",IF(O15="No","Automation",IF(AND(Q15="Yes",R15="Yes",S15="Yes"),"Agent",IF(AND(Q15="No",R15="No"),"Retrieval","LLM-augmented workflow"))))) | V15: =IF(U15="","",IF(U15="Automation","Power Automate, Logic Apps or code. No AI governance.",IF(U15="Predictive or optimisation","Fabric data science, Azure ML or a prebuilt Foundry model. Model governance, not agent governance.",IF(U15="Retrieval","SharePoint agent, Copilot Studio retrieval agent or classic RAG. Light governance.",IF(U15="LLM-augmented workflow","A flow with one AI action, or a scheduled prompt. Governance proportional to consequence.","Agent. Continue to Stage 2."))))) | W15: =IF('Assurance and gate'!K15="","",'Assurance and gate'!K15) | X15: =IF(IF('Technology direction'!D15="",'Technology direction'!C15,'Technology direction'!D15)="","",IF('Technology direction'!D15="",'Technology direction'!C15,'Technology direction'!D15)) | Y15: =IF('Technology direction'!H15="","",'Technology direction'!H15) | Z15: =IF('Answers out'!K15="","",'Answers out'!K15) | AA15: =IF('Answers out'!C15="","",'Answers out'!C15) | AB15: =IF('Answers out'!N15="","",'Answers out'!N15)
J16: =IF(Scoring!N16="","",ROUND(Scoring!N16/3,1)) | K16: =IF(Scoring!M16="","",ROUND(Scoring!M16/3,1)) | L16: =IF(Scoring!L16="","",ROUND(Scoring!L16/3,1)) | N16: =IF(COUNT(J16:M16)<4,"",SUM(J16:M16)) | T16: =IF(COUNTBLANK(O16:S16)>0,"",IF(P16="Yes","Predictive or optimisation",IF(O16="No","Automation",IF(AND(Q16="Yes",R16="Yes",S16="Yes"),"Agent",IF(AND(Q16="No",R16="No"),"Retrieval","LLM-augmented workflow"))))) | V16: =IF(U16="","",IF(U16="Automation","Power Automate, Logic Apps or code. No AI governance.",IF(U16="Predictive or optimisation","Fabric data science, Azure ML or a prebuilt Foundry model. Model governance, not agent governance.",IF(U16="Retrieval","SharePoint agent, Copilot Studio retrieval agent or classic RAG. Light governance.",IF(U16="LLM-augmented workflow","A flow with one AI action, or a scheduled prompt. Governance proportional to consequence.","Agent. Continue to Stage 2."))))) | W16: =IF('Assurance and gate'!K16="","",'Assurance and gate'!K16) | X16: =IF(IF('Technology direction'!D16="",'Technology direction'!C16,'Technology direction'!D16)="","",IF('Technology direction'!D16="",'Technology direction'!C16,'Technology direction'!D16)) | Y16: =IF('Technology direction'!H16="","",'Technology direction'!H16) | Z16: =IF('Answers out'!K16="","",'Answers out'!K16) | AA16: =IF('Answers out'!C16="","",'Answers out'!C16) | AB16: =IF('Answers out'!N16="","",'Answers out'!N16)
... J52: =IF(Scoring!N52="","",ROUND(Scoring!N52/3,1)) | K52: =IF(Scoring!M52="","",ROUND(Scoring!M52/3,1)) | L52: =IF(Scoring!L52="","",ROUND(Scoring!L52/3,1)) | N52: =IF(COUNT(J52:M52)<4,"",SUM(J52:M52)) | T52: =IF(COUNTBLANK(O52:S52)>0,"",IF(P52="Yes","Predictive or optimisation",IF(O52="No","Automation",IF(AND(Q52="Yes",R52="Yes",S52="Yes"),"Agent",IF(AND(Q52="No",R52="No"),"Retrieval","LLM-augmented workflow"))))) | V52: =IF(U52="","",IF(U52="Automation","Power Automate, Logic Apps or code. No AI governance.",IF(U52="Predictive or optimisation","Fabric data science, Azure ML or a prebuilt Foundry model. Model governance, not agent governance.",IF(U52="Retrieval","SharePoint agent, Copilot Studio retrieval agent or classic RAG. Light governance.",IF(U52="LLM-augmented workflow","A flow with one AI action, or a scheduled prompt. Governance proportional to consequence.","Agent. Continue to Stage 2."))))) | W52: =IF('Assurance and gate'!K52="","",'Assurance and gate'!K52) | X52: =IF(IF('Technology direction'!D52="",'Technology direction'!C52,'Technology direction'!D52)="","",IF('Technology direction'!D52="",'Technology direction'!C52,'Technology direction'!D52)) | Y52: =IF('Technology direction'!H52="","",'Technology direction'!H52) | Z52: =IF('Answers out'!K52="","",'Answers out'!K52) | AA52: =IF('Answers out'!C52="","",'Answers out'!C52) | AB52: =IF('Answers out'!N52="","",'Answers out'!N52)

Sheet Outcome contract
A1: USE CASE | C1: THE CONTRACT - five things, all before anyone opens a product page | M1: 5 THE VALUE BASELINE - six measurements of the process as it runs today | V1: CALCULATED
A2: ID | B2: Use case | C2: 1 The result: an outcome with a number, not a feature | D2: Metric that moves | E2: Baseline today | F2: Target | G2: 2 Owner: build | H2: 2 Owner: after go-live | I2: 3 The boundary: what it will explicitly refuse to do | J2: 4 Gate: prototype | K2: 4 Gate: pilot | L2: 4 Gate: release | M2: V1 People doing this work today | N2: V2 Times per person per year | O2: V3 Minutes each time | P2: V4a How often it goes wrong | Q2: V4b Cost each time it goes wrong | R2: V5 Metric today | S2: V6 What happens to the time saved | T2: Benefit type | U2: Hard or soft | V2: Annual hours in the process today | W2: Annual cost of getting it wrong | X2: Value baseline captured | Y2: Note
A3: =IF(Register!A3="","",Register!A3) | B3: =IF(Register!C3="","",Register!C3) | C3: Cut policy questions reaching the P&C inbox from 240 a month to under 100, within one quarter of release. | D3: Policy questions reaching the P&C shared inbox each month | E3: 240 a month | F3: Under 100 a month | G3: A. Whitfield | H3: D. Okonjo, P&C Systems Lead | I3: Will not interpret an individual employment contract, will not comment on a live grievance, and will not answer anything the policy library does not cover. Says so and names the person to ask. | J3: Answers 20 seeded questions with the correct source document cited. | K3: 30 staff over 4 weeks. At least 70 per cent rate the answer useful, and no incorrect citation. | L3: Inbox volume down 30 per cent, and the monthly spot check clean two months running. | M3: 480 | N3: 6 | O3: 12 | P3: 0.08 | Q3: 35 | R3: =IF(E3="","",E3) | S3: Returned to P&C advisers as casework time. Two advisers move off inbox triage onto the case backlog, which is the constraint the team actually feels. | T3: Time or cost released | U3: Hard | V3: =IF(COUNT(M3:O3)<3,"",M3*N3*O3/60) | W3: =IF(COUNT(M3,N3,P3,Q3)<4,"",M3*N3*P3*Q3) | X3: =IF(B3="","",(6-COUNTBLANK(M3)-COUNTBLANK(N3)-COUNTBLANK(O3)-COUNTBLANK(P3)-COUNTBLANK(Q3)-COUNTBLANK(S3))/6)
A4: =IF(Register!A4="","",Register!A4) | B4: =IF(Register!C4="","",Register!C4) | C4: Cut after-hours documentation from 45 minutes a shift to under 15, without the clinical note audit score falling. | D4: Documentation minutes per care worker per shift, and the monthly clinical note audit score | E4: 45 minutes a shift. Audit score 82 per cent. | F4: Under 15 minutes, with the audit score no lower than 82 per cent | G4: Dr M. Ferreira | I4: Will not make a clinical assessment, will not change a care plan, will not record a medication administration, and will not file any note the care worker has not confirmed on screen. | J4: Transcribes 30 recorded visits with no clinical terminology errors in a clinician review. | K4: 12 care workers, 4 weeks, across two regions including one with poor mobile coverage. Notes audited weekly. | L4: Audit score held, consent position signed off by Privacy, and zero notes filed without confirmation. | M4: 620 | N4: 210 | O4: 45 | P4: 0.12 | Q4: 60 | R4: =IF(E4="","",E4) | S4: Returned to direct client contact. Measured against the board target of two extra client-facing hours per care worker per fortnight, not against headcount. | T4: Capacity redirected to the mission | U4: Soft | V4: =IF(COUNT(M4:O4)<3,"",M4*N4*O4/60) | W4: =IF(COUNT(M4,N4,P4,Q4)<4,"",M4*N4*P4*Q4) | X4: =IF(B4="","",(6-COUNTBLANK(M4)-COUNTBLANK(N4)-COUNTBLANK(O4)-COUNTBLANK(P4)-COUNTBLANK(Q4)-COUNTBLANK(S4))/6)
A5: =IF(Register!A5="","",Register!A5) | B5: =IF(Register!C5="","",Register!C5) | R5: =IF(E5="","",E5) | V5: =IF(COUNT(M5:O5)<3,"",M5*N5*O5/60) | W5: =IF(COUNT(M5,N5,P5,Q5)<4,"",M5*N5*P5*Q5) | X5: =IF(B5="","",(6-COUNTBLANK(M5)-COUNTBLANK(N5)-COUNTBLANK(O5)-COUNTBLANK(P5)-COUNTBLANK(Q5)-COUNTBLANK(S5))/6)
A6: =IF(Register!A6="","",Register!A6) | B6: =IF(Register!C6="","",Register!C6) | R6: =IF(E6="","",E6) | V6: =IF(COUNT(M6:O6)<3,"",M6*N6*O6/60) | W6: =IF(COUNT(M6,N6,P6,Q6)<4,"",M6*N6*P6*Q6) | X6: =IF(B6="","",(6-COUNTBLANK(M6)-COUNTBLANK(N6)-COUNTBLANK(O6)-COUNTBLANK(P6)-COUNTBLANK(Q6)-COUNTBLANK(S6))/6)
A7: =IF(Register!A7="","",Register!A7) | B7: =IF(Register!C7="","",Register!C7) | R7: =IF(E7="","",E7) | V7: =IF(COUNT(M7:O7)<3,"",M7*N7*O7/60) | W7: =IF(COUNT(M7,N7,P7,Q7)<4,"",M7*N7*P7*Q7) | X7: =IF(B7="","",(6-COUNTBLANK(M7)-COUNTBLANK(N7)-COUNTBLANK(O7)-COUNTBLANK(P7)-COUNTBLANK(Q7)-COUNTBLANK(S7))/6)
A8: =IF(Register!A8="","",Register!A8) | B8: =IF(Register!C8="","",Register!C8) | R8: =IF(E8="","",E8) | V8: =IF(COUNT(M8:O8)<3,"",M8*N8*O8/60) | W8: =IF(COUNT(M8,N8,P8,Q8)<4,"",M8*N8*P8*Q8) | X8: =IF(B8="","",(6-COUNTBLANK(M8)-COUNTBLANK(N8)-COUNTBLANK(O8)-COUNTBLANK(P8)-COUNTBLANK(Q8)-COUNTBLANK(S8))/6)
A9: =IF(Register!A9="","",Register!A9) | B9: =IF(Register!C9="","",Register!C9) | R9: =IF(E9="","",E9) | V9: =IF(COUNT(M9:O9)<3,"",M9*N9*O9/60) | W9: =IF(COUNT(M9,N9,P9,Q9)<4,"",M9*N9*P9*Q9) | X9: =IF(B9="","",(6-COUNTBLANK(M9)-COUNTBLANK(N9)-COUNTBLANK(O9)-COUNTBLANK(P9)-COUNTBLANK(Q9)-COUNTBLANK(S9))/6)
A10: =IF(Register!A10="","",Register!A10) | B10: =IF(Register!C10="","",Register!C10) | R10: =IF(E10="","",E10) | V10: =IF(COUNT(M10:O10)<3,"",M10*N10*O10/60) | W10: =IF(COUNT(M10,N10,P10,Q10)<4,"",M10*N10*P10*Q10) | X10: =IF(B10="","",(6-COUNTBLANK(M10)-COUNTBLANK(N10)-COUNTBLANK(O10)-COUNTBLANK(P10)-COUNTBLANK(Q10)-COUNTBLANK(S10))/6)
A11: =IF(Register!A11="","",Register!A11) | B11: =IF(Register!C11="","",Register!C11) | R11: =IF(E11="","",E11) | V11: =IF(COUNT(M11:O11)<3,"",M11*N11*O11/60) | W11: =IF(COUNT(M11,N11,P11,Q11)<4,"",M11*N11*P11*Q11) | X11: =IF(B11="","",(6-COUNTBLANK(M11)-COUNTBLANK(N11)-COUNTBLANK(O11)-COUNTBLANK(P11)-COUNTBLANK(Q11)-COUNTBLANK(S11))/6)
A12: =IF(Register!A12="","",Register!A12) | B12: =IF(Register!C12="","",Register!C12) | R12: =IF(E12="","",E12) | V12: =IF(COUNT(M12:O12)<3,"",M12*N12*O12/60) | W12: =IF(COUNT(M12,N12,P12,Q12)<4,"",M12*N12*P12*Q12) | X12: =IF(B12="","",(6-COUNTBLANK(M12)-COUNTBLANK(N12)-COUNTBLANK(O12)-COUNTBLANK(P12)-COUNTBLANK(Q12)-COUNTBLANK(S12))/6)
A13: =IF(Register!A13="","",Register!A13) | B13: =IF(Register!C13="","",Register!C13) | R13: =IF(E13="","",E13) | V13: =IF(COUNT(M13:O13)<3,"",M13*N13*O13/60) | W13: =IF(COUNT(M13,N13,P13,Q13)<4,"",M13*N13*P13*Q13) | X13: =IF(B13="","",(6-COUNTBLANK(M13)-COUNTBLANK(N13)-COUNTBLANK(O13)-COUNTBLANK(P13)-COUNTBLANK(Q13)-COUNTBLANK(S13))/6)
A14: =IF(Register!A14="","",Register!A14) | B14: =IF(Register!C14="","",Register!C14) | R14: =IF(E14="","",E14) | V14: =IF(COUNT(M14:O14)<3,"",M14*N14*O14/60) | W14: =IF(COUNT(M14,N14,P14,Q14)<4,"",M14*N14*P14*Q14) | X14: =IF(B14="","",(6-COUNTBLANK(M14)-COUNTBLANK(N14)-COUNTBLANK(O14)-COUNTBLANK(P14)-COUNTBLANK(Q14)-COUNTBLANK(S14))/6)
A15: =IF(Register!A15="","",Register!A15) | B15: =IF(Register!C15="","",Register!C15) | R15: =IF(E15="","",E15) | V15: =IF(COUNT(M15:O15)<3,"",M15*N15*O15/60) | W15: =IF(COUNT(M15,N15,P15,Q15)<4,"",M15*N15*P15*Q15) | X15: =IF(B15="","",(6-COUNTBLANK(M15)-COUNTBLANK(N15)-COUNTBLANK(O15)-COUNTBLANK(P15)-COUNTBLANK(Q15)-COUNTBLANK(S15))/6)
A16: =IF(Register!A16="","",Register!A16) | B16: =IF(Register!C16="","",Register!C16) | R16: =IF(E16="","",E16) | V16: =IF(COUNT(M16:O16)<3,"",M16*N16*O16/60) | W16: =IF(COUNT(M16,N16,P16,Q16)<4,"",M16*N16*P16*Q16) | X16: =IF(B16="","",(6-COUNTBLANK(M16)-COUNTBLANK(N16)-COUNTBLANK(O16)-COUNTBLANK(P16)-COUNTBLANK(Q16)-COUNTBLANK(S16))/6)
... A52: =IF(Register!A52="","",Register!A52) | B52: =IF(Register!C52="","",Register!C52) | R52: =IF(E52="","",E52) | V52: =IF(COUNT(M52:O52)<3,"",M52*N52*O52/60) | W52: =IF(COUNT(M52,N52,P52,Q52)<4,"",M52*N52*P52*Q52) | X52: =IF(B52="","",(6-COUNTBLANK(M52)-COUNTBLANK(N52)-COUNTBLANK(O52)-COUNTBLANK(P52)-COUNTBLANK(Q52)-COUNTBLANK(S52))/6)

Sheet Eight questions
A1: USE CASE | C1: Q1-Q4 SHAPE, REACH AND IDENTITY | J1: Q5-Q8 DATA, CONNECTION AND CONSEQUENCE | Q1: RECORDED, BUT NOT QUESTIONS
A2: ID | B2: Use case | C2: Q1 What starts it? | D2: Q2 Where does the answer land? | E2: Q2b Connectivity assumption | F2: Q3 Intended reach | G2: Q3 Pilot reach | H2: Q4 Whose permissions? | I2: Q4 Identity of record | J2: Q5 What class of data? | K2: Q5 What that forces | L2: Q6 What must it know or do? | M2: Q7 Does the connection exist? | N2: Q7 Source systems | O2: Q8a If it gives a wrong answer | P2: Q8b If it silently does nothing | Q2: Ready-made agent available? | R2: Do these users have the licences? | S2: Needs memory between uses? | T2: Will it grow beyond 3-5 functions? | U2: How often the source changes | V2: Retrieval decision record
A3: =IF(Register!A3="","",Register!A3) | B3: =IF(Register!C3="","",Register!C3) | C3: A person asks | D3: Collaboration surface | E3: Always connected | F3: 2 My team | G3: 2 My team | H3: Acts as the user | I3: Entra Agent ID agent-policy-assistant-prod | J3: Internal | K3: =IF(J3="","",INDEX(Lists!$B$53:$B$56,MATCH(J3,Lists!$A$53:$A$56,0))) | L3: Static documents | M3: Yes, in production | N3: SharePoint Online, Policy Library site. No other source. | O3: Read only | P3: Nothing | Q3: Yes | R3: Yes | S3: No | T3: No | U3: Policies are reviewed annually. Roughly six documents change a quarter. | V3: Policy documents: retrieval over the governed SharePoint index, inheriting the document permissions that already exist. No tool calls and no write scope, so there is nothing else to record.
A4: =IF(Register!A4="","",Register!A4) | B4: =IF(Register!C4="","",Register!C4) | C4: A person is already working | D4: Frontline device | E4: Must work offline | F4: 4 Enterprise | G4: 2 My team | H4: Acts as the user | I4: Entra Agent ID agent-clinical-scribe-nonprod. The production identity has not been issued. | J4: Regulated | K4: =IF(J4="","",INDEX(Lists!$B$53:$B$56,MATCH(J4,Lists!$A$53:$A$56,0))) | L4: Take an action | M4: No | N4: AlayaCare client record system, and the mobile visit app. There is no write API to AlayaCare today. | O4: Writes to a system | P4: A person is affected | Q4: No | R4: No | S4: No | T4: Yes | U4: The client record changes continuously through the day. | V4: Clinical notes: MCP call to AlayaCare, write scope, care worker confirmation required before the write. No index of clinical content is created. Terminology list: retrieval over a governed index.
A5: =IF(Register!A5="","",Register!A5) | B5: =IF(Register!C5="","",Register!C5) | K5: =IF(J5="","",INDEX(Lists!$B$53:$B$56,MATCH(J5,Lists!$A$53:$A$56,0)))
A6: =IF(Register!A6="","",Register!A6) | B6: =IF(Register!C6="","",Register!C6) | K6: =IF(J6="","",INDEX(Lists!$B$53:$B$56,MATCH(J6,Lists!$A$53:$A$56,0)))
A7: =IF(Register!A7="","",Register!A7) | B7: =IF(Register!C7="","",Register!C7) | K7: =IF(J7="","",INDEX(Lists!$B$53:$B$56,MATCH(J7,Lists!$A$53:$A$56,0)))
A8: =IF(Register!A8="","",Register!A8) | B8: =IF(Register!C8="","",Register!C8) | K8: =IF(J8="","",INDEX(Lists!$B$53:$B$56,MATCH(J8,Lists!$A$53:$A$56,0)))
A9: =IF(Register!A9="","",Register!A9) | B9: =IF(Register!C9="","",Register!C9) | K9: =IF(J9="","",INDEX(Lists!$B$53:$B$56,MATCH(J9,Lists!$A$53:$A$56,0)))
A10: =IF(Register!A10="","",Register!A10) | B10: =IF(Register!C10="","",Register!C10) | K10: =IF(J10="","",INDEX(Lists!$B$53:$B$56,MATCH(J10,Lists!$A$53:$A$56,0)))
A11: =IF(Register!A11="","",Register!A11) | B11: =IF(Register!C11="","",Register!C11) | K11: =IF(J11="","",INDEX(Lists!$B$53:$B$56,MATCH(J11,Lists!$A$53:$A$56,0)))
A12: =IF(Register!A12="","",Register!A12) | B12: =IF(Register!C12="","",Register!C12) | K12: =IF(J12="","",INDEX(Lists!$B$53:$B$56,MATCH(J12,Lists!$A$53:$A$56,0)))
A13: =IF(Register!A13="","",Register!A13) | B13: =IF(Register!C13="","",Register!C13) | K13: =IF(J13="","",INDEX(Lists!$B$53:$B$56,MATCH(J13,Lists!$A$53:$A$56,0)))
A14: =IF(Register!A14="","",Register!A14) | B14: =IF(Register!C14="","",Register!C14) | K14: =IF(J14="","",INDEX(Lists!$B$53:$B$56,MATCH(J14,Lists!$A$53:$A$56,0)))
A15: =IF(Register!A15="","",Register!A15) | B15: =IF(Register!C15="","",Register!C15) | K15: =IF(J15="","",INDEX(Lists!$B$53:$B$56,MATCH(J15,Lists!$A$53:$A$56,0)))
A16: =IF(Register!A16="","",Register!A16) | B16: =IF(Register!C16="","",Register!C16) | K16: =IF(J16="","",INDEX(Lists!$B$53:$B$56,MATCH(J16,Lists!$A$53:$A$56,0)))
... A52: =IF(Register!A52="","",Register!A52) | B52: =IF(Register!C52="","",Register!C52) | K52: =IF(J52="","",INDEX(Lists!$B$53:$B$56,MATCH(J52,Lists!$A$53:$A$56,0)))

Sheet Assurance and gate
A1: USE CASE | C1: THE TIER, WITH THE WORKING SHOWN | P1: RELEASE GATE - no agent moves forward without passing | X1: CONTROL PLANE BASELINE - applies at every tier, including tier 1
A2: ID | B2: Use case | C2: Q8a consequence | D2: Q3 intended reach | E2: Reach band | F2: Base tier from the matrix | G2: Q8b lift | H2: Q5 floor | I2: Base ordinal | J2: Final ordinal | K2: ASSURANCE TIER | L2: What that means | M2: Named approver | N2: Human in the loop: the trigger condition | O2: Has reject ever been exercised? | P2: 1 Accountable | Q2: 2 Identifiable | R2: 3 Constrained | S2: 4 Tested | T2: 5 Observable | U2: 6 Recoverable | V2: Evidence / link | W2: GATE STATUS | X2: Registry entry | Y2: Cost tag | Z2: Observability | AA2: AI involvement disclosed | AB2: What happens when the owner leaves
A3: =IF(Register!A3="","",Register!A3) | B3: =IF(Register!C3="","",Register!C3) | C3: =IF('Eight questions'!O3="","",'Eight questions'!O3) | D3: =IF('Eight questions'!F3="","",'Eight questions'!F3) | E3: =IF(D3="","",IF(VALUE(LEFT(D3,1))<=2,"1-2",IF(VALUE(LEFT(D3,1))=3,"3","4-5"))) | F3: =IF(OR(C3="",E3=""),"",INDEX(Lists!$B$32:$D$34,MATCH(C3,Lists!$A$32:$A$34,0),MATCH(E3,Lists!$B$31:$D$31,0))) | G3: =IF(F3="","",IF('Eight questions'!P3="A person is affected",1,0)) | H3: =IF(F3="","",IF('Eight questions'!J3="Regulated",3,1)) | I3: =IF(F3="","",MATCH(F3,Lists!$A$37:$A$40,0)) | J3: =IF(I3="","",MIN(4,MAX(I3+G3,H3))) | K3: =IF(J3="","",INDEX(Lists!$A$37:$A$40,J3)) | L3: =IF(J3="","",INDEX(Lists!$C$37:$C$40,J3)) | M3: A. Whitfield | N3: Ten answers a month are spot checked against the source document. Any answer citing a superseded policy goes straight to the P&C Systems Lead. | O3: Yes | P3: Met | Q3: Met | R3: Met | S3: Met | T3: Met | U3: Met | V3: Governance register entry GOV-2026-114 | W3: =IF(COUNTA(P3:U3)=0,"",IF(COUNTIF(P3:U3,"Not met")>0,"Blocked",IF(COUNTIF(P3:U3,"In progress")>0,"In progress",IF(COUNTA(P3:U3)<6,"Incomplete","Passed")))) | X3: Yes | Y3: Yes | Z3: Yes | AA3: Yes | AB3: Ownership sits with the P&C Operations Manager role, not the individual. Recorded on the registry entry.
A4: =IF(Register!A4="","",Register!A4) | B4: =IF(Register!C4="","",Register!C4) | C4: =IF('Eight questions'!O4="","",'Eight questions'!O4) | D4: =IF('Eight questions'!F4="","",'Eight questions'!F4) | E4: =IF(D4="","",IF(VALUE(LEFT(D4,1))<=2,"1-2",IF(VALUE(LEFT(D4,1))=3,"3","4-5"))) | F4: =IF(OR(C4="",E4=""),"",INDEX(Lists!$B$32:$D$34,MATCH(C4,Lists!$A$32:$A$34,0),MATCH(E4,Lists!$B$31:$D$31,0))) | G4: =IF(F4="","",IF('Eight questions'!P4="A person is affected",1,0)) | H4: =IF(F4="","",IF('Eight questions'!J4="Regulated",3,1)) | I4: =IF(F4="","",MATCH(F4,Lists!$A$37:$A$40,0)) | J4: =IF(I4="","",MIN(4,MAX(I4+G4,H4))) | K4: =IF(J4="","",INDEX(Lists!$A$37:$A$40,J4)) | L4: =IF(J4="","",INDEX(Lists!$C$37:$C$40,J4)) | M4: Clinical Governance Committee, chaired by Dr M. Ferreira | N4: Every note is confirmed on screen by the care worker before it is filed. Any note the agent flags as uncertain, and every note for a client on a restrictive practice plan, is queued for a clinician first. | O4: No | P4: Met | Q4: In progress | R4: In progress | S4: Not met | T4: Not met | U4: In progress | V4: Draft charter CG-2026-31. The privacy impact assessment has not started. | W4: =IF(COUNTA(P4:U4)=0,"",IF(COUNTIF(P4:U4,"Not met")>0,"Blocked",IF(COUNTIF(P4:U4,"In progress")>0,"In progress",IF(COUNTA(P4:U4)<6,"Incomplete","Passed")))) | X4: No | Y4: Yes | Z4: No | AA4: Yes | AB4: Not answered. On the agenda for the September clinical governance meeting.
A5: =IF(Register!A5="","",Register!A5) | B5: =IF(Register!C5="","",Register!C5) | C5: =IF('Eight questions'!O5="","",'Eight questions'!O5) | D5: =IF('Eight questions'!F5="","",'Eight questions'!F5) | E5: =IF(D5="","",IF(VALUE(LEFT(D5,1))<=2,"1-2",IF(VALUE(LEFT(D5,1))=3,"3","4-5"))) | F5: =IF(OR(C5="",E5=""),"",INDEX(Lists!$B$32:$D$34,MATCH(C5,Lists!$A$32:$A$34,0),MATCH(E5,Lists!$B$31:$D$31,0))) | G5: =IF(F5="","",IF('Eight questions'!P5="A person is affected",1,0)) | H5: =IF(F5="","",IF('Eight questions'!J5="Regulated",3,1)) | I5: =IF(F5="","",MATCH(F5,Lists!$A$37:$A$40,0)) | J5: =IF(I5="","",MIN(4,MAX(I5+G5,H5))) | K5: =IF(J5="","",INDEX(Lists!$A$37:$A$40,J5)) | L5: =IF(J5="","",INDEX(Lists!$C$37:$C$40,J5)) | W5: =IF(COUNTA(P5:U5)=0,"",IF(COUNTIF(P5:U5,"Not met")>0,"Blocked",IF(COUNTIF(P5:U5,"In progress")>0,"In progress",IF(COUNTA(P5:U5)<6,"Incomplete","Passed"))))
A6: =IF(Register!A6="","",Register!A6) | B6: =IF(Register!C6="","",Register!C6) | C6: =IF('Eight questions'!O6="","",'Eight questions'!O6) | D6: =IF('Eight questions'!F6="","",'Eight questions'!F6) | E6: =IF(D6="","",IF(VALUE(LEFT(D6,1))<=2,"1-2",IF(VALUE(LEFT(D6,1))=3,"3","4-5"))) | F6: =IF(OR(C6="",E6=""),"",INDEX(Lists!$B$32:$D$34,MATCH(C6,Lists!$A$32:$A$34,0),MATCH(E6,Lists!$B$31:$D$31,0))) | G6: =IF(F6="","",IF('Eight questions'!P6="A person is affected",1,0)) | H6: =IF(F6="","",IF('Eight questions'!J6="Regulated",3,1)) | I6: =IF(F6="","",MATCH(F6,Lists!$A$37:$A$40,0)) | J6: =IF(I6="","",MIN(4,MAX(I6+G6,H6))) | K6: =IF(J6="","",INDEX(Lists!$A$37:$A$40,J6)) | L6: =IF(J6="","",INDEX(Lists!$C$37:$C$40,J6)) | W6: =IF(COUNTA(P6:U6)=0,"",IF(COUNTIF(P6:U6,"Not met")>0,"Blocked",IF(COUNTIF(P6:U6,"In progress")>0,"In progress",IF(COUNTA(P6:U6)<6,"Incomplete","Passed"))))
A7: =IF(Register!A7="","",Register!A7) | B7: =IF(Register!C7="","",Register!C7) | C7: =IF('Eight questions'!O7="","",'Eight questions'!O7) | D7: =IF('Eight questions'!F7="","",'Eight questions'!F7) | E7: =IF(D7="","",IF(VALUE(LEFT(D7,1))<=2,"1-2",IF(VALUE(LEFT(D7,1))=3,"3","4-5"))) | F7: =IF(OR(C7="",E7=""),"",INDEX(Lists!$B$32:$D$34,MATCH(C7,Lists!$A$32:$A$34,0),MATCH(E7,Lists!$B$31:$D$31,0))) | G7: =IF(F7="","",IF('Eight questions'!P7="A person is affected",1,0)) | H7: =IF(F7="","",IF('Eight questions'!J7="Regulated",3,1)) | I7: =IF(F7="","",MATCH(F7,Lists!$A$37:$A$40,0)) | J7: =IF(I7="","",MIN(4,MAX(I7+G7,H7))) | K7: =IF(J7="","",INDEX(Lists!$A$37:$A$40,J7)) | L7: =IF(J7="","",INDEX(Lists!$C$37:$C$40,J7)) | W7: =IF(COUNTA(P7:U7)=0,"",IF(COUNTIF(P7:U7,"Not met")>0,"Blocked",IF(COUNTIF(P7:U7,"In progress")>0,"In progress",IF(COUNTA(P7:U7)<6,"Incomplete","Passed"))))
A8: =IF(Register!A8="","",Register!A8) | B8: =IF(Register!C8="","",Register!C8) | C8: =IF('Eight questions'!O8="","",'Eight questions'!O8) | D8: =IF('Eight questions'!F8="","",'Eight questions'!F8) | E8: =IF(D8="","",IF(VALUE(LEFT(D8,1))<=2,"1-2",IF(VALUE(LEFT(D8,1))=3,"3","4-5"))) | F8: =IF(OR(C8="",E8=""),"",INDEX(Lists!$B$32:$D$34,MATCH(C8,Lists!$A$32:$A$34,0),MATCH(E8,Lists!$B$31:$D$31,0))) | G8: =IF(F8="","",IF('Eight questions'!P8="A person is affected",1,0)) | H8: =IF(F8="","",IF('Eight questions'!J8="Regulated",3,1)) | I8: =IF(F8="","",MATCH(F8,Lists!$A$37:$A$40,0)) | J8: =IF(I8="","",MIN(4,MAX(I8+G8,H8))) | K8: =IF(J8="","",INDEX(Lists!$A$37:$A$40,J8)) | L8: =IF(J8="","",INDEX(Lists!$C$37:$C$40,J8)) | W8: =IF(COUNTA(P8:U8)=0,"",IF(COUNTIF(P8:U8,"Not met")>0,"Blocked",IF(COUNTIF(P8:U8,"In progress")>0,"In progress",IF(COUNTA(P8:U8)<6,"Incomplete","Passed"))))
A9: =IF(Register!A9="","",Register!A9) | B9: =IF(Register!C9="","",Register!C9) | C9: =IF('Eight questions'!O9="","",'Eight questions'!O9) | D9: =IF('Eight questions'!F9="","",'Eight questions'!F9) | E9: =IF(D9="","",IF(VALUE(LEFT(D9,1))<=2,"1-2",IF(VALUE(LEFT(D9,1))=3,"3","4-5"))) | F9: =IF(OR(C9="",E9=""),"",INDEX(Lists!$B$32:$D$34,MATCH(C9,Lists!$A$32:$A$34,0),MATCH(E9,Lists!$B$31:$D$31,0))) | G9: =IF(F9="","",IF('Eight questions'!P9="A person is affected",1,0)) | H9: =IF(F9="","",IF('Eight questions'!J9="Regulated",3,1)) | I9: =IF(F9="","",MATCH(F9,Lists!$A$37:$A$40,0)) | J9: =IF(I9="","",MIN(4,MAX(I9+G9,H9))) | K9: =IF(J9="","",INDEX(Lists!$A$37:$A$40,J9)) | L9: =IF(J9="","",INDEX(Lists!$C$37:$C$40,J9)) | W9: =IF(COUNTA(P9:U9)=0,"",IF(COUNTIF(P9:U9,"Not met")>0,"Blocked",IF(COUNTIF(P9:U9,"In progress")>0,"In progress",IF(COUNTA(P9:U9)<6,"Incomplete","Passed"))))
A10: =IF(Register!A10="","",Register!A10) | B10: =IF(Register!C10="","",Register!C10) | C10: =IF('Eight questions'!O10="","",'Eight questions'!O10) | D10: =IF('Eight questions'!F10="","",'Eight questions'!F10) | E10: =IF(D10="","",IF(VALUE(LEFT(D10,1))<=2,"1-2",IF(VALUE(LEFT(D10,1))=3,"3","4-5"))) | F10: =IF(OR(C10="",E10=""),"",INDEX(Lists!$B$32:$D$34,MATCH(C10,Lists!$A$32:$A$34,0),MATCH(E10,Lists!$B$31:$D$31,0))) | G10: =IF(F10="","",IF('Eight questions'!P10="A person is affected",1,0)) | H10: =IF(F10="","",IF('Eight questions'!J10="Regulated",3,1)) | I10: =IF(F10="","",MATCH(F10,Lists!$A$37:$A$40,0)) | J10: =IF(I10="","",MIN(4,MAX(I10+G10,H10))) | K10: =IF(J10="","",INDEX(Lists!$A$37:$A$40,J10)) | L10: =IF(J10="","",INDEX(Lists!$C$37:$C$40,J10)) | W10: =IF(COUNTA(P10:U10)=0,"",IF(COUNTIF(P10:U10,"Not met")>0,"Blocked",IF(COUNTIF(P10:U10,"In progress")>0,"In progress",IF(COUNTA(P10:U10)<6,"Incomplete","Passed"))))
A11: =IF(Register!A11="","",Register!A11) | B11: =IF(Register!C11="","",Register!C11) | C11: =IF('Eight questions'!O11="","",'Eight questions'!O11) | D11: =IF('Eight questions'!F11="","",'Eight questions'!F11) | E11: =IF(D11="","",IF(VALUE(LEFT(D11,1))<=2,"1-2",IF(VALUE(LEFT(D11,1))=3,"3","4-5"))) | F11: =IF(OR(C11="",E11=""),"",INDEX(Lists!$B$32:$D$34,MATCH(C11,Lists!$A$32:$A$34,0),MATCH(E11,Lists!$B$31:$D$31,0))) | G11: =IF(F11="","",IF('Eight questions'!P11="A person is affected",1,0)) | H11: =IF(F11="","",IF('Eight questions'!J11="Regulated",3,1)) | I11: =IF(F11="","",MATCH(F11,Lists!$A$37:$A$40,0)) | J11: =IF(I11="","",MIN(4,MAX(I11+G11,H11))) | K11: =IF(J11="","",INDEX(Lists!$A$37:$A$40,J11)) | L11: =IF(J11="","",INDEX(Lists!$C$37:$C$40,J11)) | W11: =IF(COUNTA(P11:U11)=0,"",IF(COUNTIF(P11:U11,"Not met")>0,"Blocked",IF(COUNTIF(P11:U11,"In progress")>0,"In progress",IF(COUNTA(P11:U11)<6,"Incomplete","Passed"))))
A12: =IF(Register!A12="","",Register!A12) | B12: =IF(Register!C12="","",Register!C12) | C12: =IF('Eight questions'!O12="","",'Eight questions'!O12) | D12: =IF('Eight questions'!F12="","",'Eight questions'!F12) | E12: =IF(D12="","",IF(VALUE(LEFT(D12,1))<=2,"1-2",IF(VALUE(LEFT(D12,1))=3,"3","4-5"))) | F12: =IF(OR(C12="",E12=""),"",INDEX(Lists!$B$32:$D$34,MATCH(C12,Lists!$A$32:$A$34,0),MATCH(E12,Lists!$B$31:$D$31,0))) | G12: =IF(F12="","",IF('Eight questions'!P12="A person is affected",1,0)) | H12: =IF(F12="","",IF('Eight questions'!J12="Regulated",3,1)) | I12: =IF(F12="","",MATCH(F12,Lists!$A$37:$A$40,0)) | J12: =IF(I12="","",MIN(4,MAX(I12+G12,H12))) | K12: =IF(J12="","",INDEX(Lists!$A$37:$A$40,J12)) | L12: =IF(J12="","",INDEX(Lists!$C$37:$C$40,J12)) | W12: =IF(COUNTA(P12:U12)=0,"",IF(COUNTIF(P12:U12,"Not met")>0,"Blocked",IF(COUNTIF(P12:U12,"In progress")>0,"In progress",IF(COUNTA(P12:U12)<6,"Incomplete","Passed"))))
A13: =IF(Register!A13="","",Register!A13) | B13: =IF(Register!C13="","",Register!C13) | C13: =IF('Eight questions'!O13="","",'Eight questions'!O13) | D13: =IF('Eight questions'!F13="","",'Eight questions'!F13) | E13: =IF(D13="","",IF(VALUE(LEFT(D13,1))<=2,"1-2",IF(VALUE(LEFT(D13,1))=3,"3","4-5"))) | F13: =IF(OR(C13="",E13=""),"",INDEX(Lists!$B$32:$D$34,MATCH(C13,Lists!$A$32:$A$34,0),MATCH(E13,Lists!$B$31:$D$31,0))) | G13: =IF(F13="","",IF('Eight questions'!P13="A person is affected",1,0)) | H13: =IF(F13="","",IF('Eight questions'!J13="Regulated",3,1)) | I13: =IF(F13="","",MATCH(F13,Lists!$A$37:$A$40,0)) | J13: =IF(I13="","",MIN(4,MAX(I13+G13,H13))) | K13: =IF(J13="","",INDEX(Lists!$A$37:$A$40,J13)) | L13: =IF(J13="","",INDEX(Lists!$C$37:$C$40,J13)) | W13: =IF(COUNTA(P13:U13)=0,"",IF(COUNTIF(P13:U13,"Not met")>0,"Blocked",IF(COUNTIF(P13:U13,"In progress")>0,"In progress",IF(COUNTA(P13:U13)<6,"Incomplete","Passed"))))
A14: =IF(Register!A14="","",Register!A14) | B14: =IF(Register!C14="","",Register!C14) | C14: =IF('Eight questions'!O14="","",'Eight questions'!O14) | D14: =IF('Eight questions'!F14="","",'Eight questions'!F14) | E14: =IF(D14="","",IF(VALUE(LEFT(D14,1))<=2,"1-2",IF(VALUE(LEFT(D14,1))=3,"3","4-5"))) | F14: =IF(OR(C14="",E14=""),"",INDEX(Lists!$B$32:$D$34,MATCH(C14,Lists!$A$32:$A$34,0),MATCH(E14,Lists!$B$31:$D$31,0))) | G14: =IF(F14="","",IF('Eight questions'!P14="A person is affected",1,0)) | H14: =IF(F14="","",IF('Eight questions'!J14="Regulated",3,1)) | I14: =IF(F14="","",MATCH(F14,Lists!$A$37:$A$40,0)) | J14: =IF(I14="","",MIN(4,MAX(I14+G14,H14))) | K14: =IF(J14="","",INDEX(Lists!$A$37:$A$40,J14)) | L14: =IF(J14="","",INDEX(Lists!$C$37:$C$40,J14)) | W14: =IF(COUNTA(P14:U14)=0,"",IF(COUNTIF(P14:U14,"Not met")>0,"Blocked",IF(COUNTIF(P14:U14,"In progress")>0,"In progress",IF(COUNTA(P14:U14)<6,"Incomplete","Passed"))))
A15: =IF(Register!A15="","",Register!A15) | B15: =IF(Register!C15="","",Register!C15) | C15: =IF('Eight questions'!O15="","",'Eight questions'!O15) | D15: =IF('Eight questions'!F15="","",'Eight questions'!F15) | E15: =IF(D15="","",IF(VALUE(LEFT(D15,1))<=2,"1-2",IF(VALUE(LEFT(D15,1))=3,"3","4-5"))) | F15: =IF(OR(C15="",E15=""),"",INDEX(Lists!$B$32:$D$34,MATCH(C15,Lists!$A$32:$A$34,0),MATCH(E15,Lists!$B$31:$D$31,0))) | G15: =IF(F15="","",IF('Eight questions'!P15="A person is affected",1,0)) | H15: =IF(F15="","",IF('Eight questions'!J15="Regulated",3,1)) | I15: =IF(F15="","",MATCH(F15,Lists!$A$37:$A$40,0)) | J15: =IF(I15="","",MIN(4,MAX(I15+G15,H15))) | K15: =IF(J15="","",INDEX(Lists!$A$37:$A$40,J15)) | L15: =IF(J15="","",INDEX(Lists!$C$37:$C$40,J15)) | W15: =IF(COUNTA(P15:U15)=0,"",IF(COUNTIF(P15:U15,"Not met")>0,"Blocked",IF(COUNTIF(P15:U15,"In progress")>0,"In progress",IF(COUNTA(P15:U15)<6,"Incomplete","Passed"))))
A16: =IF(Register!A16="","",Register!A16) | B16: =IF(Register!C16="","",Register!C16) | C16: =IF('Eight questions'!O16="","",'Eight questions'!O16) | D16: =IF('Eight questions'!F16="","",'Eight questions'!F16) | E16: =IF(D16="","",IF(VALUE(LEFT(D16,1))<=2,"1-2",IF(VALUE(LEFT(D16,1))=3,"3","4-5"))) | F16: =IF(OR(C16="",E16=""),"",INDEX(Lists!$B$32:$D$34,MATCH(C16,Lists!$A$32:$A$34,0),MATCH(E16,Lists!$B$31:$D$31,0))) | G16: =IF(F16="","",IF('Eight questions'!P16="A person is affected",1,0)) | H16: =IF(F16="","",IF('Eight questions'!J16="Regulated",3,1)) | I16: =IF(F16="","",MATCH(F16,Lists!$A$37:$A$40,0)) | J16: =IF(I16="","",MIN(4,MAX(I16+G16,H16))) | K16: =IF(J16="","",INDEX(Lists!$A$37:$A$40,J16)) | L16: =IF(J16="","",INDEX(Lists!$C$37:$C$40,J16)) | W16: =IF(COUNTA(P16:U16)=0,"",IF(COUNTIF(P16:U16,"Not met")>0,"Blocked",IF(COUNTIF(P16:U16,"In progress")>0,"In progress",IF(COUNTA(P16:U16)<6,"Incomplete","Passed"))))
... A52: =IF(Register!A52="","",Register!A52) | B52: =IF(Register!C52="","",Register!C52) | C52: =IF('Eight questions'!O52="","",'Eight questions'!O52) | D52: =IF('Eight questions'!F52="","",'Eight questions'!F52) | E52: =IF(D52="","",IF(VALUE(LEFT(D52,1))<=2,"1-2",IF(VALUE(LEFT(D52,1))=3,"3","4-5"))) | F52: =IF(OR(C52="",E52=""),"",INDEX(Lists!$B$32:$D$34,MATCH(C52,Lists!$A$32:$A$34,0),MATCH(E52,Lists!$B$31:$D$31,0))) | G52: =IF(F52="","",IF('Eight questions'!P52="A person is affected",1,0)) | H52: =IF(F52="","",IF('Eight questions'!J52="Regulated",3,1)) | I52: =IF(F52="","",MATCH(F52,Lists!$A$37:$A$40,0)) | J52: =IF(I52="","",MIN(4,MAX(I52+G52,H52))) | K52: =IF(J52="","",INDEX(Lists!$A$37:$A$40,J52)) | L52: =IF(J52="","",INDEX(Lists!$C$37:$C$40,J52)) | W52: =IF(COUNTA(P52:U52)=0,"",IF(COUNTIF(P52:U52,"Not met")>0,"Blocked",IF(COUNTIF(P52:U52,"In progress")>0,"In progress",IF(COUNTA(P52:U52)<6,"Incomplete","Passed"))))

Sheet Technology direction
A1: USE CASE | C1: LEVEL 1 THE LADDER - read assurance before category | F1: LEVEL 2 SELECT BY THE VERB | L1: LEVEL 3 WHERE IT RUNS - hard constraints, or you discover them during a pilot | P1: SHAPE OF THE BUILD
A2: ID | B2: Use case | C2: Suggested rung | D2: Rung (confirmed) | E2: Why | F2: Suggested verb | G2: Verb (confirmed) | H2: Lands on | I2: Selected by | J2: Product (final) | K2: Date checked | L2: Must work with no connectivity | M2: Must run while nobody is present | N2: Data must not leave the device or region | O2: Must extend well beyond launch | P2: Single or multi-agent | Q2: Model selection | R2: Memory | S2: Owning team
A3: =IF(Register!A3="","",Register!A3) | B3: =IF(Register!C3="","",Register!C3) | C3: =IF(IF(Register!U3="",Register!T3,Register!U3)="","",IF(OR(IF(Register!U3="",Register!T3,Register!U3)="Automation",IF(Register!U3="",Register!T3,Register!U3)="Predictive or optimisation"),"1 Not AI",IF(OR('Eight questions'!J3="Regulated",'Eight questions'!O3="Real-world effect",'Assurance and gate'!J3=4),"4 Pro-code",IF(AND('Eight questions'!Q3="Yes",OR('Eight questions'!L3="Nothing",'Eight questions'!L3="Static documents"),'Assurance and gate'!J3<=2),"2 Ready-made","3 Low-code")))) | D3: 2 Ready-made | E3: =IF(IF(D3="",C3,D3)="","",IF(IF(D3="",C3,D3)="1 Not AI","Not AI. Automation platform for fixed rules; Fabric data science or Azure ML for forecasting, scoring and matching.",IF(IF(D3="",C3,D3)="4 Pro-code","Assurance read before category: regulated data, a real-world effect or a full assurance tier escalates the direction regardless of how simple the category looked.",IF(IF(D3="",C3,D3)="2 Ready-made","A published agent covers the function. Adopt and configure. Capped at retrieval and task.",IF(IF(D3="",C3,D3)="3 Low-code","Low-code with governed connectors and built-in responsible AI. Low-code supports autonomous agents - do not climb a rung you do not need.","Full stack control. Only when compliance or customisation demands it."))))) | F3: =IF('Eight questions'!C3="","",IF(OR('Eight questions'!C3="A system event",'Eight questions'!C3="A schedule",'Eight questions'!C3="Another agent"),"Monitor",IF(OR('Eight questions'!F3="4 Enterprise",'Eight questions'!F3="5 External",'Eight questions'!J3="Regulated",'Eight questions'!O3="Real-world effect"),"Build",IF(AND('Eight questions'!C3="A person is already working",'Eight questions'!D3="Inside the tool they have open",'Eight questions'!O3="Read only"),"Assist",IF('Eight questions'!L3="Take an action","Delegate",IF('Eight questions'!O3="Writes to a system","Control",IF('Eight questions'!L3="Static documents","Specialize","Adapt"))))))) | G3: Specialize | H3: =IF(IF(G3="",F3,G3)="","",INDEX(Lists!$B$43:$B$50,MATCH(IF(G3="",F3,G3),Lists!$A$43:$A$50,0))) | I3: =IF(IF(G3="",F3,G3)="","",INDEX(Lists!$C$43:$C$50,MATCH(IF(G3="",F3,G3),Lists!$A$43:$A$50,0))) | J3: Microsoft 365 Copilot declarative agent, grounded on the Policy Library SharePoint site | K3: 46272.583 | L3: =IF('Eight questions'!E3="","",IF('Eight questions'!E3="Must work offline","Yes - rules out anything cloud-only",IF('Eight questions'!E3="Intermittent","Partly - needs offline tolerance","No"))) | M3: =IF('Eight questions'!C3="","",IF(OR('Eight questions'!C3="A schedule",'Eight questions'!C3="A system event"),"Yes - rules out anything needing an interactive session","No")) | N3: =IF('Eight questions'!J3="","",IF(OR('Eight questions'!J3="Regulated",'Eight questions'!J3="Confidential"),"Yes - private networking, a stated data location, or local inference","No")) | O3: =IF(OR('Eight questions'!F3="",'Eight questions'!G3=""),"",IF(VALUE(LEFT('Eight questions'!F3,1))>VALUE(LEFT('Eight questions'!G3,1)),"Yes - intended reach exceeds pilot reach","No")) | P3: Single agent | Q3: Default model. Retrieval and citation only, with no complex reasoning, so there is no case for a premium model. | R3: =IF('Eight questions'!S3="","",IF('Eight questions'!S3="Yes","Persistent (advisory)","Ephemeral session (transactional)")) | S3: Workload team
A4: =IF(Register!A4="","",Register!A4) | B4: =IF(Register!C4="","",Register!C4) | C4: =IF(IF(Register!U4="",Register!T4,Register!U4)="","",IF(OR(IF(Register!U4="",Register!T4,Register!U4)="Automation",IF(Register!U4="",Register!T4,Register!U4)="Predictive or optimisation"),"1 Not AI",IF(OR('Eight questions'!J4="Regulated",'Eight questions'!O4="Real-world effect",'Assurance and gate'!J4=4),"4 Pro-code",IF(AND('Eight questions'!Q4="Yes",OR('Eight questions'!L4="Nothing",'Eight questions'!L4="Static documents"),'Assurance and gate'!J4<=2),"2 Ready-made","3 Low-code")))) | D4: 4 Pro-code | E4: =IF(IF(D4="",C4,D4)="","",IF(IF(D4="",C4,D4)="1 Not AI","Not AI. Automation platform for fixed rules; Fabric data science or Azure ML for forecasting, scoring and matching.",IF(IF(D4="",C4,D4)="4 Pro-code","Assurance read before category: regulated data, a real-world effect or a full assurance tier escalates the direction regardless of how simple the category looked.",IF(IF(D4="",C4,D4)="2 Ready-made","A published agent covers the function. Adopt and configure. Capped at retrieval and task.",IF(IF(D4="",C4,D4)="3 Low-code","Low-code with governed connectors and built-in responsible AI. Low-code supports autonomous agents - do not climb a rung you do not need.","Full stack control. Only when compliance or customisation demands it."))))) | F4: =IF('Eight questions'!C4="","",IF(OR('Eight questions'!C4="A system event",'Eight questions'!C4="A schedule",'Eight questions'!C4="Another agent"),"Monitor",IF(OR('Eight questions'!F4="4 Enterprise",'Eight questions'!F4="5 External",'Eight questions'!J4="Regulated",'Eight questions'!O4="Real-world effect"),"Build",IF(AND('Eight questions'!C4="A person is already working",'Eight questions'!D4="Inside the tool they have open",'Eight questions'!O4="Read only"),"Assist",IF('Eight questions'!L4="Take an action","Delegate",IF('Eight questions'!O4="Writes to a system","Control",IF('Eight questions'!L4="Static documents","Specialize","Adapt"))))))) | G4: Build | H4: =IF(IF(G4="",F4,G4)="","",INDEX(Lists!$B$43:$B$50,MATCH(IF(G4="",F4,G4),Lists!$A$43:$A$50,0))) | I4: =IF(IF(G4="",F4,G4)="","",INDEX(Lists!$C$43:$C$50,MATCH(IF(G4="",F4,G4),Lists!$A$43:$A$50,0))) | J4: Microsoft Foundry, with Foundry Local under evaluation for on-device transcription where there is no signal. Both to be reconfirmed before any rollout decision. | K4: 46273.583 | L4: =IF('Eight questions'!E4="","",IF('Eight questions'!E4="Must work offline","Yes - rules out anything cloud-only",IF('Eight questions'!E4="Intermittent","Partly - needs offline tolerance","No"))) | M4: =IF('Eight questions'!C4="","",IF(OR('Eight questions'!C4="A schedule",'Eight questions'!C4="A system event"),"Yes - rules out anything needing an interactive session","No")) | N4: =IF('Eight questions'!J4="","",IF(OR('Eight questions'!J4="Regulated",'Eight questions'!J4="Confidential"),"Yes - private networking, a stated data location, or local inference","No")) | O4: =IF(OR('Eight questions'!F4="",'Eight questions'!G4=""),"",IF(VALUE(LEFT('Eight questions'!F4,1))>VALUE(LEFT('Eight questions'!G4,1)),"Yes - intended reach exceeds pilot reach","No")) | P4: Single agent | Q4: A premium model for the drafting step and a small model for the terminology check. Premium rate limits still to be tested against the 5pm shift-end peak, which is when nearly all of the load lands. | R4: =IF('Eight questions'!S4="","",IF('Eight questions'!S4="Yes","Persistent (advisory)","Ephemeral session (transactional)")) | S4: Platform team
A5: =IF(Register!A5="","",Register!A5) | B5: =IF(Register!C5="","",Register!C5) | C5: =IF(IF(Register!U5="",Register!T5,Register!U5)="","",IF(OR(IF(Register!U5="",Register!T5,Register!U5)="Automation",IF(Register!U5="",Register!T5,Register!U5)="Predictive or optimisation"),"1 Not AI",IF(OR('Eight questions'!J5="Regulated",'Eight questions'!O5="Real-world effect",'Assurance and gate'!J5=4),"4 Pro-code",IF(AND('Eight questions'!Q5="Yes",OR('Eight questions'!L5="Nothing",'Eight questions'!L5="Static documents"),'Assurance and gate'!J5<=2),"2 Ready-made","3 Low-code")))) | E5: =IF(IF(D5="",C5,D5)="","",IF(IF(D5="",C5,D5)="1 Not AI","Not AI. Automation platform for fixed rules; Fabric data science or Azure ML for forecasting, scoring and matching.",IF(IF(D5="",C5,D5)="4 Pro-code","Assurance read before category: regulated data, a real-world effect or a full assurance tier escalates the direction regardless of how simple the category looked.",IF(IF(D5="",C5,D5)="2 Ready-made","A published agent covers the function. Adopt and configure. Capped at retrieval and task.",IF(IF(D5="",C5,D5)="3 Low-code","Low-code with governed connectors and built-in responsible AI. Low-code supports autonomous agents - do not climb a rung you do not need.","Full stack control. Only when compliance or customisation demands it."))))) | F5: =IF('Eight questions'!C5="","",IF(OR('Eight questions'!C5="A system event",'Eight questions'!C5="A schedule",'Eight questions'!C5="Another agent"),"Monitor",IF(OR('Eight questions'!F5="4 Enterprise",'Eight questions'!F5="5 External",'Eight questions'!J5="Regulated",'Eight questions'!O5="Real-world effect"),"Build",IF(AND('Eight questions'!C5="A person is already working",'Eight questions'!D5="Inside the tool they have open",'Eight questions'!O5="Read only"),"Assist",IF('Eight questions'!L5="Take an action","Delegate",IF('Eight questions'!O5="Writes to a system","Control",IF('Eight questions'!L5="Static documents","Specialize","Adapt"))))))) | H5: =IF(IF(G5="",F5,G5)="","",INDEX(Lists!$B$43:$B$50,MATCH(IF(G5="",F5,G5),Lists!$A$43:$A$50,0))) | I5: =IF(IF(G5="",F5,G5)="","",INDEX(Lists!$C$43:$C$50,MATCH(IF(G5="",F5,G5),Lists!$A$43:$A$50,0))) | L5: =IF('Eight questions'!E5="","",IF('Eight questions'!E5="Must work offline","Yes - rules out anything cloud-only",IF('Eight questions'!E5="Intermittent","Partly - needs offline tolerance","No"))) | M5: =IF('Eight questions'!C5="","",IF(OR('Eight questions'!C5="A schedule",'Eight questions'!C5="A system event"),"Yes - rules out anything needing an interactive session","No")) | N5: =IF('Eight questions'!J5="","",IF(OR('Eight questions'!J5="Regulated",'Eight questions'!J5="Confidential"),"Yes - private networking, a stated data location, or local inference","No")) | O5: =IF(OR('Eight questions'!F5="",'Eight questions'!G5=""),"",IF(VALUE(LEFT('Eight questions'!F5,1))>VALUE(LEFT('Eight questions'!G5,1)),"Yes - intended reach exceeds pilot reach","No")) | R5: =IF('Eight questions'!S5="","",IF('Eight questions'!S5="Yes","Persistent (advisory)","Ephemeral session (transactional)"))
A6: =IF(Register!A6="","",Register!A6) | B6: =IF(Register!C6="","",Register!C6) | C6: =IF(IF(Register!U6="",Register!T6,Register!U6)="","",IF(OR(IF(Register!U6="",Register!T6,Register!U6)="Automation",IF(Register!U6="",Register!T6,Register!U6)="Predictive or optimisation"),"1 Not AI",IF(OR('Eight questions'!J6="Regulated",'Eight questions'!O6="Real-world effect",'Assurance and gate'!J6=4),"4 Pro-code",IF(AND('Eight questions'!Q6="Yes",OR('Eight questions'!L6="Nothing",'Eight questions'!L6="Static documents"),'Assurance and gate'!J6<=2),"2 Ready-made","3 Low-code")))) | E6: =IF(IF(D6="",C6,D6)="","",IF(IF(D6="",C6,D6)="1 Not AI","Not AI. Automation platform for fixed rules; Fabric data science or Azure ML for forecasting, scoring and matching.",IF(IF(D6="",C6,D6)="4 Pro-code","Assurance read before category: regulated data, a real-world effect or a full assurance tier escalates the direction regardless of how simple the category looked.",IF(IF(D6="",C6,D6)="2 Ready-made","A published agent covers the function. Adopt and configure. Capped at retrieval and task.",IF(IF(D6="",C6,D6)="3 Low-code","Low-code with governed connectors and built-in responsible AI. Low-code supports autonomous agents - do not climb a rung you do not need.","Full stack control. Only when compliance or customisation demands it."))))) | F6: =IF('Eight questions'!C6="","",IF(OR('Eight questions'!C6="A system event",'Eight questions'!C6="A schedule",'Eight questions'!C6="Another agent"),"Monitor",IF(OR('Eight questions'!F6="4 Enterprise",'Eight questions'!F6="5 External",'Eight questions'!J6="Regulated",'Eight questions'!O6="Real-world effect"),"Build",IF(AND('Eight questions'!C6="A person is already working",'Eight questions'!D6="Inside the tool they have open",'Eight questions'!O6="Read only"),"Assist",IF('Eight questions'!L6="Take an action","Delegate",IF('Eight questions'!O6="Writes to a system","Control",IF('Eight questions'!L6="Static documents","Specialize","Adapt"))))))) | H6: =IF(IF(G6="",F6,G6)="","",INDEX(Lists!$B$43:$B$50,MATCH(IF(G6="",F6,G6),Lists!$A$43:$A$50,0))) | I6: =IF(IF(G6="",F6,G6)="","",INDEX(Lists!$C$43:$C$50,MATCH(IF(G6="",F6,G6),Lists!$A$43:$A$50,0))) | L6: =IF('Eight questions'!E6="","",IF('Eight questions'!E6="Must work offline","Yes - rules out anything cloud-only",IF('Eight questions'!E6="Intermittent","Partly - needs offline tolerance","No"))) | M6: =IF('Eight questions'!C6="","",IF(OR('Eight questions'!C6="A schedule",'Eight questions'!C6="A system event"),"Yes - rules out anything needing an interactive session","No")) | N6: =IF('Eight questions'!J6="","",IF(OR('Eight questions'!J6="Regulated",'Eight questions'!J6="Confidential"),"Yes - private networking, a stated data location, or local inference","No")) | O6: =IF(OR('Eight questions'!F6="",'Eight questions'!G6=""),"",IF(VALUE(LEFT('Eight questions'!F6,1))>VALUE(LEFT('Eight questions'!G6,1)),"Yes - intended reach exceeds pilot reach","No")) | R6: =IF('Eight questions'!S6="","",IF('Eight questions'!S6="Yes","Persistent (advisory)","Ephemeral session (transactional)"))
A7: =IF(Register!A7="","",Register!A7) | B7: =IF(Register!C7="","",Register!C7) | C7: =IF(IF(Register!U7="",Register!T7,Register!U7)="","",IF(OR(IF(Register!U7="",Register!T7,Register!U7)="Automation",IF(Register!U7="",Register!T7,Register!U7)="Predictive or optimisation"),"1 Not AI",IF(OR('Eight questions'!J7="Regulated",'Eight questions'!O7="Real-world effect",'Assurance and gate'!J7=4),"4 Pro-code",IF(AND('Eight questions'!Q7="Yes",OR('Eight questions'!L7="Nothing",'Eight questions'!L7="Static documents"),'Assurance and gate'!J7<=2),"2 Ready-made","3 Low-code")))) | E7: =IF(IF(D7="",C7,D7)="","",IF(IF(D7="",C7,D7)="1 Not AI","Not AI. Automation platform for fixed rules; Fabric data science or Azure ML for forecasting, scoring and matching.",IF(IF(D7="",C7,D7)="4 Pro-code","Assurance read before category: regulated data, a real-world effect or a full assurance tier escalates the direction regardless of how simple the category looked.",IF(IF(D7="",C7,D7)="2 Ready-made","A published agent covers the function. Adopt and configure. Capped at retrieval and task.",IF(IF(D7="",C7,D7)="3 Low-code","Low-code with governed connectors and built-in responsible AI. Low-code supports autonomous agents - do not climb a rung you do not need.","Full stack control. Only when compliance or customisation demands it."))))) | F7: =IF('Eight questions'!C7="","",IF(OR('Eight questions'!C7="A system event",'Eight questions'!C7="A schedule",'Eight questions'!C7="Another agent"),"Monitor",IF(OR('Eight questions'!F7="4 Enterprise",'Eight questions'!F7="5 External",'Eight questions'!J7="Regulated",'Eight questions'!O7="Real-world effect"),"Build",IF(AND('Eight questions'!C7="A person is already working",'Eight questions'!D7="Inside the tool they have open",'Eight questions'!O7="Read only"),"Assist",IF('Eight questions'!L7="Take an action","Delegate",IF('Eight questions'!O7="Writes to a system","Control",IF('Eight questions'!L7="Static documents","Specialize","Adapt"))))))) | H7: =IF(IF(G7="",F7,G7)="","",INDEX(Lists!$B$43:$B$50,MATCH(IF(G7="",F7,G7),Lists!$A$43:$A$50,0))) | I7: =IF(IF(G7="",F7,G7)="","",INDEX(Lists!$C$43:$C$50,MATCH(IF(G7="",F7,G7),Lists!$A$43:$A$50,0))) | L7: =IF('Eight questions'!E7="","",IF('Eight questions'!E7="Must work offline","Yes - rules out anything cloud-only",IF('Eight questions'!E7="Intermittent","Partly - needs offline tolerance","No"))) | M7: =IF('Eight questions'!C7="","",IF(OR('Eight questions'!C7="A schedule",'Eight questions'!C7="A system event"),"Yes - rules out anything needing an interactive session","No")) | N7: =IF('Eight questions'!J7="","",IF(OR('Eight questions'!J7="Regulated",'Eight questions'!J7="Confidential"),"Yes - private networking, a stated data location, or local inference","No")) | O7: =IF(OR('Eight questions'!F7="",'Eight questions'!G7=""),"",IF(VALUE(LEFT('Eight questions'!F7,1))>VALUE(LEFT('Eight questions'!G7,1)),"Yes - intended reach exceeds pilot reach","No")) | R7: =IF('Eight questions'!S7="","",IF('Eight questions'!S7="Yes","Persistent (advisory)","Ephemeral session (transactional)"))
A8: =IF(Register!A8="","",Register!A8) | B8: =IF(Register!C8="","",Register!C8) | C8: =IF(IF(Register!U8="",Register!T8,Register!U8)="","",IF(OR(IF(Register!U8="",Register!T8,Register!U8)="Automation",IF(Register!U8="",Register!T8,Register!U8)="Predictive or optimisation"),"1 Not AI",IF(OR('Eight questions'!J8="Regulated",'Eight questions'!O8="Real-world effect",'Assurance and gate'!J8=4),"4 Pro-code",IF(AND('Eight questions'!Q8="Yes",OR('Eight questions'!L8="Nothing",'Eight questions'!L8="Static documents"),'Assurance and gate'!J8<=2),"2 Ready-made","3 Low-code")))) | E8: =IF(IF(D8="",C8,D8)="","",IF(IF(D8="",C8,D8)="1 Not AI","Not AI. Automation platform for fixed rules; Fabric data science or Azure ML for forecasting, scoring and matching.",IF(IF(D8="",C8,D8)="4 Pro-code","Assurance read before category: regulated data, a real-world effect or a full assurance tier escalates the direction regardless of how simple the category looked.",IF(IF(D8="",C8,D8)="2 Ready-made","A published agent covers the function. Adopt and configure. Capped at retrieval and task.",IF(IF(D8="",C8,D8)="3 Low-code","Low-code with governed connectors and built-in responsible AI. Low-code supports autonomous agents - do not climb a rung you do not need.","Full stack control. Only when compliance or customisation demands it."))))) | F8: =IF('Eight questions'!C8="","",IF(OR('Eight questions'!C8="A system event",'Eight questions'!C8="A schedule",'Eight questions'!C8="Another agent"),"Monitor",IF(OR('Eight questions'!F8="4 Enterprise",'Eight questions'!F8="5 External",'Eight questions'!J8="Regulated",'Eight questions'!O8="Real-world effect"),"Build",IF(AND('Eight questions'!C8="A person is already working",'Eight questions'!D8="Inside the tool they have open",'Eight questions'!O8="Read only"),"Assist",IF('Eight questions'!L8="Take an action","Delegate",IF('Eight questions'!O8="Writes to a system","Control",IF('Eight questions'!L8="Static documents","Specialize","Adapt"))))))) | H8: =IF(IF(G8="",F8,G8)="","",INDEX(Lists!$B$43:$B$50,MATCH(IF(G8="",F8,G8),Lists!$A$43:$A$50,0))) | I8: =IF(IF(G8="",F8,G8)="","",INDEX(Lists!$C$43:$C$50,MATCH(IF(G8="",F8,G8),Lists!$A$43:$A$50,0))) | L8: =IF('Eight questions'!E8="","",IF('Eight questions'!E8="Must work offline","Yes - rules out anything cloud-only",IF('Eight questions'!E8="Intermittent","Partly - needs offline tolerance","No"))) | M8: =IF('Eight questions'!C8="","",IF(OR('Eight questions'!C8="A schedule",'Eight questions'!C8="A system event"),"Yes - rules out anything needing an interactive session","No")) | N8: =IF('Eight questions'!J8="","",IF(OR('Eight questions'!J8="Regulated",'Eight questions'!J8="Confidential"),"Yes - private networking, a stated data location, or local inference","No")) | O8: =IF(OR('Eight questions'!F8="",'Eight questions'!G8=""),"",IF(VALUE(LEFT('Eight questions'!F8,1))>VALUE(LEFT('Eight questions'!G8,1)),"Yes - intended reach exceeds pilot reach","No")) | R8: =IF('Eight questions'!S8="","",IF('Eight questions'!S8="Yes","Persistent (advisory)","Ephemeral session (transactional)"))
A9: =IF(Register!A9="","",Register!A9) | B9: =IF(Register!C9="","",Register!C9) | C9: =IF(IF(Register!U9="",Register!T9,Register!U9)="","",IF(OR(IF(Register!U9="",Register!T9,Register!U9)="Automation",IF(Register!U9="",Register!T9,Register!U9)="Predictive or optimisation"),"1 Not AI",IF(OR('Eight questions'!J9="Regulated",'Eight questions'!O9="Real-world effect",'Assurance and gate'!J9=4),"4 Pro-code",IF(AND('Eight questions'!Q9="Yes",OR('Eight questions'!L9="Nothing",'Eight questions'!L9="Static documents"),'Assurance and gate'!J9<=2),"2 Ready-made","3 Low-code")))) | E9: =IF(IF(D9="",C9,D9)="","",IF(IF(D9="",C9,D9)="1 Not AI","Not AI. Automation platform for fixed rules; Fabric data science or Azure ML for forecasting, scoring and matching.",IF(IF(D9="",C9,D9)="4 Pro-code","Assurance read before category: regulated data, a real-world effect or a full assurance tier escalates the direction regardless of how simple the category looked.",IF(IF(D9="",C9,D9)="2 Ready-made","A published agent covers the function. Adopt and configure. Capped at retrieval and task.",IF(IF(D9="",C9,D9)="3 Low-code","Low-code with governed connectors and built-in responsible AI. Low-code supports autonomous agents - do not climb a rung you do not need.","Full stack control. Only when compliance or customisation demands it."))))) | F9: =IF('Eight questions'!C9="","",IF(OR('Eight questions'!C9="A system event",'Eight questions'!C9="A schedule",'Eight questions'!C9="Another agent"),"Monitor",IF(OR('Eight questions'!F9="4 Enterprise",'Eight questions'!F9="5 External",'Eight questions'!J9="Regulated",'Eight questions'!O9="Real-world effect"),"Build",IF(AND('Eight questions'!C9="A person is already working",'Eight questions'!D9="Inside the tool they have open",'Eight questions'!O9="Read only"),"Assist",IF('Eight questions'!L9="Take an action","Delegate",IF('Eight questions'!O9="Writes to a system","Control",IF('Eight questions'!L9="Static documents","Specialize","Adapt"))))))) | H9: =IF(IF(G9="",F9,G9)="","",INDEX(Lists!$B$43:$B$50,MATCH(IF(G9="",F9,G9),Lists!$A$43:$A$50,0))) | I9: =IF(IF(G9="",F9,G9)="","",INDEX(Lists!$C$43:$C$50,MATCH(IF(G9="",F9,G9),Lists!$A$43:$A$50,0))) | L9: =IF('Eight questions'!E9="","",IF('Eight questions'!E9="Must work offline","Yes - rules out anything cloud-only",IF('Eight questions'!E9="Intermittent","Partly - needs offline tolerance","No"))) | M9: =IF('Eight questions'!C9="","",IF(OR('Eight questions'!C9="A schedule",'Eight questions'!C9="A system event"),"Yes - rules out anything needing an interactive session","No")) | N9: =IF('Eight questions'!J9="","",IF(OR('Eight questions'!J9="Regulated",'Eight questions'!J9="Confidential"),"Yes - private networking, a stated data location, or local inference","No")) | O9: =IF(OR('Eight questions'!F9="",'Eight questions'!G9=""),"",IF(VALUE(LEFT('Eight questions'!F9,1))>VALUE(LEFT('Eight questions'!G9,1)),"Yes - intended reach exceeds pilot reach","No")) | R9: =IF('Eight questions'!S9="","",IF('Eight questions'!S9="Yes","Persistent (advisory)","Ephemeral session (transactional)"))
A10: =IF(Register!A10="","",Register!A10) | B10: =IF(Register!C10="","",Register!C10) | C10: =IF(IF(Register!U10="",Register!T10,Register!U10)="","",IF(OR(IF(Register!U10="",Register!T10,Register!U10)="Automation",IF(Register!U10="",Register!T10,Register!U10)="Predictive or optimisation"),"1 Not AI",IF(OR('Eight questions'!J10="Regulated",'Eight questions'!O10="Real-world effect",'Assurance and gate'!J10=4),"4 Pro-code",IF(AND('Eight questions'!Q10="Yes",OR('Eight questions'!L10="Nothing",'Eight questions'!L10="Static documents"),'Assurance and gate'!J10<=2),"2 Ready-made","3 Low-code")))) | E10: =IF(IF(D10="",C10,D10)="","",IF(IF(D10="",C10,D10)="1 Not AI","Not AI. Automation platform for fixed rules; Fabric data science or Azure ML for forecasting, scoring and matching.",IF(IF(D10="",C10,D10)="4 Pro-code","Assurance read before category: regulated data, a real-world effect or a full assurance tier escalates the direction regardless of how simple the category looked.",IF(IF(D10="",C10,D10)="2 Ready-made","A published agent covers the function. Adopt and configure. Capped at retrieval and task.",IF(IF(D10="",C10,D10)="3 Low-code","Low-code with governed connectors and built-in responsible AI. Low-code supports autonomous agents - do not climb a rung you do not need.","Full stack control. Only when compliance or customisation demands it."))))) | F10: =IF('Eight questions'!C10="","",IF(OR('Eight questions'!C10="A system event",'Eight questions'!C10="A schedule",'Eight questions'!C10="Another agent"),"Monitor",IF(OR('Eight questions'!F10="4 Enterprise",'Eight questions'!F10="5 External",'Eight questions'!J10="Regulated",'Eight questions'!O10="Real-world effect"),"Build",IF(AND('Eight questions'!C10="A person is already working",'Eight questions'!D10="Inside the tool they have open",'Eight questions'!O10="Read only"),"Assist",IF('Eight questions'!L10="Take an action","Delegate",IF('Eight questions'!O10="Writes to a system","Control",IF('Eight questions'!L10="Static documents","Specialize","Adapt"))))))) | H10: =IF(IF(G10="",F10,G10)="","",INDEX(Lists!$B$43:$B$50,MATCH(IF(G10="",F10,G10),Lists!$A$43:$A$50,0))) | I10: =IF(IF(G10="",F10,G10)="","",INDEX(Lists!$C$43:$C$50,MATCH(IF(G10="",F10,G10),Lists!$A$43:$A$50,0))) | L10: =IF('Eight questions'!E10="","",IF('Eight questions'!E10="Must work offline","Yes - rules out anything cloud-only",IF('Eight questions'!E10="Intermittent","Partly - needs offline tolerance","No"))) | M10: =IF('Eight questions'!C10="","",IF(OR('Eight questions'!C10="A schedule",'Eight questions'!C10="A system event"),"Yes - rules out anything needing an interactive session","No")) | N10: =IF('Eight questions'!J10="","",IF(OR('Eight questions'!J10="Regulated",'Eight questions'!J10="Confidential"),"Yes - private networking, a stated data location, or local inference","No")) | O10: =IF(OR('Eight questions'!F10="",'Eight questions'!G10=""),"",IF(VALUE(LEFT('Eight questions'!F10,1))>VALUE(LEFT('Eight questions'!G10,1)),"Yes - intended reach exceeds pilot reach","No")) | R10: =IF('Eight questions'!S10="","",IF('Eight questions'!S10="Yes","Persistent (advisory)","Ephemeral session (transactional)"))
A11: =IF(Register!A11="","",Register!A11) | B11: =IF(Register!C11="","",Register!C11) | C11: =IF(IF(Register!U11="",Register!T11,Register!U11)="","",IF(OR(IF(Register!U11="",Register!T11,Register!U11)="Automation",IF(Register!U11="",Register!T11,Register!U11)="Predictive or optimisation"),"1 Not AI",IF(OR('Eight questions'!J11="Regulated",'Eight questions'!O11="Real-world effect",'Assurance and gate'!J11=4),"4 Pro-code",IF(AND('Eight questions'!Q11="Yes",OR('Eight questions'!L11="Nothing",'Eight questions'!L11="Static documents"),'Assurance and gate'!J11<=2),"2 Ready-made","3 Low-code")))) | E11: =IF(IF(D11="",C11,D11)="","",IF(IF(D11="",C11,D11)="1 Not AI","Not AI. Automation platform for fixed rules; Fabric data science or Azure ML for forecasting, scoring and matching.",IF(IF(D11="",C11,D11)="4 Pro-code","Assurance read before category: regulated data, a real-world effect or a full assurance tier escalates the direction regardless of how simple the category looked.",IF(IF(D11="",C11,D11)="2 Ready-made","A published agent covers the function. Adopt and configure. Capped at retrieval and task.",IF(IF(D11="",C11,D11)="3 Low-code","Low-code with governed connectors and built-in responsible AI. Low-code supports autonomous agents - do not climb a rung you do not need.","Full stack control. Only when compliance or customisation demands it."))))) | F11: =IF('Eight questions'!C11="","",IF(OR('Eight questions'!C11="A system event",'Eight questions'!C11="A schedule",'Eight questions'!C11="Another agent"),"Monitor",IF(OR('Eight questions'!F11="4 Enterprise",'Eight questions'!F11="5 External",'Eight questions'!J11="Regulated",'Eight questions'!O11="Real-world effect"),"Build",IF(AND('Eight questions'!C11="A person is already working",'Eight questions'!D11="Inside the tool they have open",'Eight questions'!O11="Read only"),"Assist",IF('Eight questions'!L11="Take an action","Delegate",IF('Eight questions'!O11="Writes to a system","Control",IF('Eight questions'!L11="Static documents","Specialize","Adapt"))))))) | H11: =IF(IF(G11="",F11,G11)="","",INDEX(Lists!$B$43:$B$50,MATCH(IF(G11="",F11,G11),Lists!$A$43:$A$50,0))) | I11: =IF(IF(G11="",F11,G11)="","",INDEX(Lists!$C$43:$C$50,MATCH(IF(G11="",F11,G11),Lists!$A$43:$A$50,0))) | L11: =IF('Eight questions'!E11="","",IF('Eight questions'!E11="Must work offline","Yes - rules out anything cloud-only",IF('Eight questions'!E11="Intermittent","Partly - needs offline tolerance","No"))) | M11: =IF('Eight questions'!C11="","",IF(OR('Eight questions'!C11="A schedule",'Eight questions'!C11="A system event"),"Yes - rules out anything needing an interactive session","No")) | N11: =IF('Eight questions'!J11="","",IF(OR('Eight questions'!J11="Regulated",'Eight questions'!J11="Confidential"),"Yes - private networking, a stated data location, or local inference","No")) | O11: =IF(OR('Eight questions'!F11="",'Eight questions'!G11=""),"",IF(VALUE(LEFT('Eight questions'!F11,1))>VALUE(LEFT('Eight questions'!G11,1)),"Yes - intended reach exceeds pilot reach","No")) | R11: =IF('Eight questions'!S11="","",IF('Eight questions'!S11="Yes","Persistent (advisory)","Ephemeral session (transactional)"))
A12: =IF(Register!A12="","",Register!A12) | B12: =IF(Register!C12="","",Register!C12) | C12: =IF(IF(Register!U12="",Register!T12,Register!U12)="","",IF(OR(IF(Register!U12="",Register!T12,Register!U12)="Automation",IF(Register!U12="",Register!T12,Register!U12)="Predictive or optimisation"),"1 Not AI",IF(OR('Eight questions'!J12="Regulated",'Eight questions'!O12="Real-world effect",'Assurance and gate'!J12=4),"4 Pro-code",IF(AND('Eight questions'!Q12="Yes",OR('Eight questions'!L12="Nothing",'Eight questions'!L12="Static documents"),'Assurance and gate'!J12<=2),"2 Ready-made","3 Low-code")))) | E12: =IF(IF(D12="",C12,D12)="","",IF(IF(D12="",C12,D12)="1 Not AI","Not AI. Automation platform for fixed rules; Fabric data science or Azure ML for forecasting, scoring and matching.",IF(IF(D12="",C12,D12)="4 Pro-code","Assurance read before category: regulated data, a real-world effect or a full assurance tier escalates the direction regardless of how simple the category looked.",IF(IF(D12="",C12,D12)="2 Ready-made","A published agent covers the function. Adopt and configure. Capped at retrieval and task.",IF(IF(D12="",C12,D12)="3 Low-code","Low-code with governed connectors and built-in responsible AI. Low-code supports autonomous agents - do not climb a rung you do not need.","Full stack control. Only when compliance or customisation demands it."))))) | F12: =IF('Eight questions'!C12="","",IF(OR('Eight questions'!C12="A system event",'Eight questions'!C12="A schedule",'Eight questions'!C12="Another agent"),"Monitor",IF(OR('Eight questions'!F12="4 Enterprise",'Eight questions'!F12="5 External",'Eight questions'!J12="Regulated",'Eight questions'!O12="Real-world effect"),"Build",IF(AND('Eight questions'!C12="A person is already working",'Eight questions'!D12="Inside the tool they have open",'Eight questions'!O12="Read only"),"Assist",IF('Eight questions'!L12="Take an action","Delegate",IF('Eight questions'!O12="Writes to a system","Control",IF('Eight questions'!L12="Static documents","Specialize","Adapt"))))))) | H12: =IF(IF(G12="",F12,G12)="","",INDEX(Lists!$B$43:$B$50,MATCH(IF(G12="",F12,G12),Lists!$A$43:$A$50,0))) | I12: =IF(IF(G12="",F12,G12)="","",INDEX(Lists!$C$43:$C$50,MATCH(IF(G12="",F12,G12),Lists!$A$43:$A$50,0))) | L12: =IF('Eight questions'!E12="","",IF('Eight questions'!E12="Must work offline","Yes - rules out anything cloud-only",IF('Eight questions'!E12="Intermittent","Partly - needs offline tolerance","No"))) | M12: =IF('Eight questions'!C12="","",IF(OR('Eight questions'!C12="A schedule",'Eight questions'!C12="A system event"),"Yes - rules out anything needing an interactive session","No")) | N12: =IF('Eight questions'!J12="","",IF(OR('Eight questions'!J12="Regulated",'Eight questions'!J12="Confidential"),"Yes - private networking, a stated data location, or local inference","No")) | O12: =IF(OR('Eight questions'!F12="",'Eight questions'!G12=""),"",IF(VALUE(LEFT('Eight questions'!F12,1))>VALUE(LEFT('Eight questions'!G12,1)),"Yes - intended reach exceeds pilot reach","No")) | R12: =IF('Eight questions'!S12="","",IF('Eight questions'!S12="Yes","Persistent (advisory)","Ephemeral session (transactional)"))
A13: =IF(Register!A13="","",Register!A13) | B13: =IF(Register!C13="","",Register!C13) | C13: =IF(IF(Register!U13="",Register!T13,Register!U13)="","",IF(OR(IF(Register!U13="",Register!T13,Register!U13)="Automation",IF(Register!U13="",Register!T13,Register!U13)="Predictive or optimisation"),"1 Not AI",IF(OR('Eight questions'!J13="Regulated",'Eight questions'!O13="Real-world effect",'Assurance and gate'!J13=4),"4 Pro-code",IF(AND('Eight questions'!Q13="Yes",OR('Eight questions'!L13="Nothing",'Eight questions'!L13="Static documents"),'Assurance and gate'!J13<=2),"2 Ready-made","3 Low-code")))) | E13: =IF(IF(D13="",C13,D13)="","",IF(IF(D13="",C13,D13)="1 Not AI","Not AI. Automation platform for fixed rules; Fabric data science or Azure ML for forecasting, scoring and matching.",IF(IF(D13="",C13,D13)="4 Pro-code","Assurance read before category: regulated data, a real-world effect or a full assurance tier escalates the direction regardless of how simple the category looked.",IF(IF(D13="",C13,D13)="2 Ready-made","A published agent covers the function. Adopt and configure. Capped at retrieval and task.",IF(IF(D13="",C13,D13)="3 Low-code","Low-code with governed connectors and built-in responsible AI. Low-code supports autonomous agents - do not climb a rung you do not need.","Full stack control. Only when compliance or customisation demands it."))))) | F13: =IF('Eight questions'!C13="","",IF(OR('Eight questions'!C13="A system event",'Eight questions'!C13="A schedule",'Eight questions'!C13="Another agent"),"Monitor",IF(OR('Eight questions'!F13="4 Enterprise",'Eight questions'!F13="5 External",'Eight questions'!J13="Regulated",'Eight questions'!O13="Real-world effect"),"Build",IF(AND('Eight questions'!C13="A person is already working",'Eight questions'!D13="Inside the tool they have open",'Eight questions'!O13="Read only"),"Assist",IF('Eight questions'!L13="Take an action","Delegate",IF('Eight questions'!O13="Writes to a system","Control",IF('Eight questions'!L13="Static documents","Specialize","Adapt"))))))) | H13: =IF(IF(G13="",F13,G13)="","",INDEX(Lists!$B$43:$B$50,MATCH(IF(G13="",F13,G13),Lists!$A$43:$A$50,0))) | I13: =IF(IF(G13="",F13,G13)="","",INDEX(Lists!$C$43:$C$50,MATCH(IF(G13="",F13,G13),Lists!$A$43:$A$50,0))) | L13: =IF('Eight questions'!E13="","",IF('Eight questions'!E13="Must work offline","Yes - rules out anything cloud-only",IF('Eight questions'!E13="Intermittent","Partly - needs offline tolerance","No"))) | M13: =IF('Eight questions'!C13="","",IF(OR('Eight questions'!C13="A schedule",'Eight questions'!C13="A system event"),"Yes - rules out anything needing an interactive session","No")) | N13: =IF('Eight questions'!J13="","",IF(OR('Eight questions'!J13="Regulated",'Eight questions'!J13="Confidential"),"Yes - private networking, a stated data location, or local inference","No")) | O13: =IF(OR('Eight questions'!F13="",'Eight questions'!G13=""),"",IF(VALUE(LEFT('Eight questions'!F13,1))>VALUE(LEFT('Eight questions'!G13,1)),"Yes - intended reach exceeds pilot reach","No")) | R13: =IF('Eight questions'!S13="","",IF('Eight questions'!S13="Yes","Persistent (advisory)","Ephemeral session (transactional)"))
A14: =IF(Register!A14="","",Register!A14) | B14: =IF(Register!C14="","",Register!C14) | C14: =IF(IF(Register!U14="",Register!T14,Register!U14)="","",IF(OR(IF(Register!U14="",Register!T14,Register!U14)="Automation",IF(Register!U14="",Register!T14,Register!U14)="Predictive or optimisation"),"1 Not AI",IF(OR('Eight questions'!J14="Regulated",'Eight questions'!O14="Real-world effect",'Assurance and gate'!J14=4),"4 Pro-code",IF(AND('Eight questions'!Q14="Yes",OR('Eight questions'!L14="Nothing",'Eight questions'!L14="Static documents"),'Assurance and gate'!J14<=2),"2 Ready-made","3 Low-code")))) | E14: =IF(IF(D14="",C14,D14)="","",IF(IF(D14="",C14,D14)="1 Not AI","Not AI. Automation platform for fixed rules; Fabric data science or Azure ML for forecasting, scoring and matching.",IF(IF(D14="",C14,D14)="4 Pro-code","Assurance read before category: regulated data, a real-world effect or a full assurance tier escalates the direction regardless of how simple the category looked.",IF(IF(D14="",C14,D14)="2 Ready-made","A published agent covers the function. Adopt and configure. Capped at retrieval and task.",IF(IF(D14="",C14,D14)="3 Low-code","Low-code with governed connectors and built-in responsible AI. Low-code supports autonomous agents - do not climb a rung you do not need.","Full stack control. Only when compliance or customisation demands it."))))) | F14: =IF('Eight questions'!C14="","",IF(OR('Eight questions'!C14="A system event",'Eight questions'!C14="A schedule",'Eight questions'!C14="Another agent"),"Monitor",IF(OR('Eight questions'!F14="4 Enterprise",'Eight questions'!F14="5 External",'Eight questions'!J14="Regulated",'Eight questions'!O14="Real-world effect"),"Build",IF(AND('Eight questions'!C14="A person is already working",'Eight questions'!D14="Inside the tool they have open",'Eight questions'!O14="Read only"),"Assist",IF('Eight questions'!L14="Take an action","Delegate",IF('Eight questions'!O14="Writes to a system","Control",IF('Eight questions'!L14="Static documents","Specialize","Adapt"))))))) | H14: =IF(IF(G14="",F14,G14)="","",INDEX(Lists!$B$43:$B$50,MATCH(IF(G14="",F14,G14),Lists!$A$43:$A$50,0))) | I14: =IF(IF(G14="",F14,G14)="","",INDEX(Lists!$C$43:$C$50,MATCH(IF(G14="",F14,G14),Lists!$A$43:$A$50,0))) | L14: =IF('Eight questions'!E14="","",IF('Eight questions'!E14="Must work offline","Yes - rules out anything cloud-only",IF('Eight questions'!E14="Intermittent","Partly - needs offline tolerance","No"))) | M14: =IF('Eight questions'!C14="","",IF(OR('Eight questions'!C14="A schedule",'Eight questions'!C14="A system event"),"Yes - rules out anything needing an interactive session","No")) | N14: =IF('Eight questions'!J14="","",IF(OR('Eight questions'!J14="Regulated",'Eight questions'!J14="Confidential"),"Yes - private networking, a stated data location, or local inference","No")) | O14: =IF(OR('Eight questions'!F14="",'Eight questions'!G14=""),"",IF(VALUE(LEFT('Eight questions'!F14,1))>VALUE(LEFT('Eight questions'!G14,1)),"Yes - intended reach exceeds pilot reach","No")) | R14: =IF('Eight questions'!S14="","",IF('Eight questions'!S14="Yes","Persistent (advisory)","Ephemeral session (transactional)"))
A15: =IF(Register!A15="","",Register!A15) | B15: =IF(Register!C15="","",Register!C15) | C15: =IF(IF(Register!U15="",Register!T15,Register!U15)="","",IF(OR(IF(Register!U15="",Register!T15,Register!U15)="Automation",IF(Register!U15="",Register!T15,Register!U15)="Predictive or optimisation"),"1 Not AI",IF(OR('Eight questions'!J15="Regulated",'Eight questions'!O15="Real-world effect",'Assurance and gate'!J15=4),"4 Pro-code",IF(AND('Eight questions'!Q15="Yes",OR('Eight questions'!L15="Nothing",'Eight questions'!L15="Static documents"),'Assurance and gate'!J15<=2),"2 Ready-made","3 Low-code")))) | E15: =IF(IF(D15="",C15,D15)="","",IF(IF(D15="",C15,D15)="1 Not AI","Not AI. Automation platform for fixed rules; Fabric data science or Azure ML for forecasting, scoring and matching.",IF(IF(D15="",C15,D15)="4 Pro-code","Assurance read before category: regulated data, a real-world effect or a full assurance tier escalates the direction regardless of how simple the category looked.",IF(IF(D15="",C15,D15)="2 Ready-made","A published agent covers the function. Adopt and configure. Capped at retrieval and task.",IF(IF(D15="",C15,D15)="3 Low-code","Low-code with governed connectors and built-in responsible AI. Low-code supports autonomous agents - do not climb a rung you do not need.","Full stack control. Only when compliance or customisation demands it."))))) | F15: =IF('Eight questions'!C15="","",IF(OR('Eight questions'!C15="A system event",'Eight questions'!C15="A schedule",'Eight questions'!C15="Another agent"),"Monitor",IF(OR('Eight questions'!F15="4 Enterprise",'Eight questions'!F15="5 External",'Eight questions'!J15="Regulated",'Eight questions'!O15="Real-world effect"),"Build",IF(AND('Eight questions'!C15="A person is already working",'Eight questions'!D15="Inside the tool they have open",'Eight questions'!O15="Read only"),"Assist",IF('Eight questions'!L15="Take an action","Delegate",IF('Eight questions'!O15="Writes to a system","Control",IF('Eight questions'!L15="Static documents","Specialize","Adapt"))))))) | H15: =IF(IF(G15="",F15,G15)="","",INDEX(Lists!$B$43:$B$50,MATCH(IF(G15="",F15,G15),Lists!$A$43:$A$50,0))) | I15: =IF(IF(G15="",F15,G15)="","",INDEX(Lists!$C$43:$C$50,MATCH(IF(G15="",F15,G15),Lists!$A$43:$A$50,0))) | L15: =IF('Eight questions'!E15="","",IF('Eight questions'!E15="Must work offline","Yes - rules out anything cloud-only",IF('Eight questions'!E15="Intermittent","Partly - needs offline tolerance","No"))) | M15: =IF('Eight questions'!C15="","",IF(OR('Eight questions'!C15="A schedule",'Eight questions'!C15="A system event"),"Yes - rules out anything needing an interactive session","No")) | N15: =IF('Eight questions'!J15="","",IF(OR('Eight questions'!J15="Regulated",'Eight questions'!J15="Confidential"),"Yes - private networking, a stated data location, or local inference","No")) | O15: =IF(OR('Eight questions'!F15="",'Eight questions'!G15=""),"",IF(VALUE(LEFT('Eight questions'!F15,1))>VALUE(LEFT('Eight questions'!G15,1)),"Yes - intended reach exceeds pilot reach","No")) | R15: =IF('Eight questions'!S15="","",IF('Eight questions'!S15="Yes","Persistent (advisory)","Ephemeral session (transactional)"))
A16: =IF(Register!A16="","",Register!A16) | B16: =IF(Register!C16="","",Register!C16) | C16: =IF(IF(Register!U16="",Register!T16,Register!U16)="","",IF(OR(IF(Register!U16="",Register!T16,Register!U16)="Automation",IF(Register!U16="",Register!T16,Register!U16)="Predictive or optimisation"),"1 Not AI",IF(OR('Eight questions'!J16="Regulated",'Eight questions'!O16="Real-world effect",'Assurance and gate'!J16=4),"4 Pro-code",IF(AND('Eight questions'!Q16="Yes",OR('Eight questions'!L16="Nothing",'Eight questions'!L16="Static documents"),'Assurance and gate'!J16<=2),"2 Ready-made","3 Low-code")))) | E16: =IF(IF(D16="",C16,D16)="","",IF(IF(D16="",C16,D16)="1 Not AI","Not AI. Automation platform for fixed rules; Fabric data science or Azure ML for forecasting, scoring and matching.",IF(IF(D16="",C16,D16)="4 Pro-code","Assurance read before category: regulated data, a real-world effect or a full assurance tier escalates the direction regardless of how simple the category looked.",IF(IF(D16="",C16,D16)="2 Ready-made","A published agent covers the function. Adopt and configure. Capped at retrieval and task.",IF(IF(D16="",C16,D16)="3 Low-code","Low-code with governed connectors and built-in responsible AI. Low-code supports autonomous agents - do not climb a rung you do not need.","Full stack control. Only when compliance or customisation demands it."))))) | F16: =IF('Eight questions'!C16="","",IF(OR('Eight questions'!C16="A system event",'Eight questions'!C16="A schedule",'Eight questions'!C16="Another agent"),"Monitor",IF(OR('Eight questions'!F16="4 Enterprise",'Eight questions'!F16="5 External",'Eight questions'!J16="Regulated",'Eight questions'!O16="Real-world effect"),"Build",IF(AND('Eight questions'!C16="A person is already working",'Eight questions'!D16="Inside the tool they have open",'Eight questions'!O16="Read only"),"Assist",IF('Eight questions'!L16="Take an action","Delegate",IF('Eight questions'!O16="Writes to a system","Control",IF('Eight questions'!L16="Static documents","Specialize","Adapt"))))))) | H16: =IF(IF(G16="",F16,G16)="","",INDEX(Lists!$B$43:$B$50,MATCH(IF(G16="",F16,G16),Lists!$A$43:$A$50,0))) | I16: =IF(IF(G16="",F16,G16)="","",INDEX(Lists!$C$43:$C$50,MATCH(IF(G16="",F16,G16),Lists!$A$43:$A$50,0))) | L16: =IF('Eight questions'!E16="","",IF('Eight questions'!E16="Must work offline","Yes - rules out anything cloud-only",IF('Eight questions'!E16="Intermittent","Partly - needs offline tolerance","No"))) | M16: =IF('Eight questions'!C16="","",IF(OR('Eight questions'!C16="A schedule",'Eight questions'!C16="A system event"),"Yes - rules out anything needing an interactive session","No")) | N16: =IF('Eight questions'!J16="","",IF(OR('Eight questions'!J16="Regulated",'Eight questions'!J16="Confidential"),"Yes - private networking, a stated data location, or local inference","No")) | O16: =IF(OR('Eight questions'!F16="",'Eight questions'!G16=""),"",IF(VALUE(LEFT('Eight questions'!F16,1))>VALUE(LEFT('Eight questions'!G16,1)),"Yes - intended reach exceeds pilot reach","No")) | R16: =IF('Eight questions'!S16="","",IF('Eight questions'!S16="Yes","Persistent (advisory)","Ephemeral session (transactional)"))
... A52: =IF(Register!A52="","",Register!A52) | B52: =IF(Register!C52="","",Register!C52) | C52: =IF(IF(Register!U52="",Register!T52,Register!U52)="","",IF(OR(IF(Register!U52="",Register!T52,Register!U52)="Automation",IF(Register!U52="",Register!T52,Register!U52)="Predictive or optimisation"),"1 Not AI",IF(OR('Eight questions'!J52="Regulated",'Eight questions'!O52="Real-world effect",'Assurance and gate'!J52=4),"4 Pro-code",IF(AND('Eight questions'!Q52="Yes",OR('Eight questions'!L52="Nothing",'Eight questions'!L52="Static documents"),'Assurance and gate'!J52<=2),"2 Ready-made","3 Low-code")))) | E52: =IF(IF(D52="",C52,D52)="","",IF(IF(D52="",C52,D52)="1 Not AI","Not AI. Automation platform for fixed rules; Fabric data science or Azure ML for forecasting, scoring and matching.",IF(IF(D52="",C52,D52)="4 Pro-code","Assurance read before category: regulated data, a real-world effect or a full assurance tier escalates the direction regardless of how simple the category looked.",IF(IF(D52="",C52,D52)="2 Ready-made","A published agent covers the function. Adopt and configure. Capped at retrieval and task.",IF(IF(D52="",C52,D52)="3 Low-code","Low-code with governed connectors and built-in responsible AI. Low-code supports autonomous agents - do not climb a rung you do not need.","Full stack control. Only when compliance or customisation demands it."))))) | F52: =IF('Eight questions'!C52="","",IF(OR('Eight questions'!C52="A system event",'Eight questions'!C52="A schedule",'Eight questions'!C52="Another agent"),"Monitor",IF(OR('Eight questions'!F52="4 Enterprise",'Eight questions'!F52="5 External",'Eight questions'!J52="Regulated",'Eight questions'!O52="Real-world effect"),"Build",IF(AND('Eight questions'!C52="A person is already working",'Eight questions'!D52="Inside the tool they have open",'Eight questions'!O52="Read only"),"Assist",IF('Eight questions'!L52="Take an action","Delegate",IF('Eight questions'!O52="Writes to a system","Control",IF('Eight questions'!L52="Static documents","Specialize","Adapt"))))))) | H52: =IF(IF(G52="",F52,G52)="","",INDEX(Lists!$B$43:$B$50,MATCH(IF(G52="",F52,G52),Lists!$A$43:$A$50,0))) | I52: =IF(IF(G52="",F52,G52)="","",INDEX(Lists!$C$43:$C$50,MATCH(IF(G52="",F52,G52),Lists!$A$43:$A$50,0))) | L52: =IF('Eight questions'!E52="","",IF('Eight questions'!E52="Must work offline","Yes - rules out anything cloud-only",IF('Eight questions'!E52="Intermittent","Partly - needs offline tolerance","No"))) | M52: =IF('Eight questions'!C52="","",IF(OR('Eight questions'!C52="A schedule",'Eight questions'!C52="A system event"),"Yes - rules out anything needing an interactive session","No")) | N52: =IF('Eight questions'!J52="","",IF(OR('Eight questions'!J52="Regulated",'Eight questions'!J52="Confidential"),"Yes - private networking, a stated data location, or local inference","No")) | O52: =IF(OR('Eight questions'!F52="",'Eight questions'!G52=""),"",IF(VALUE(LEFT('Eight questions'!F52,1))>VALUE(LEFT('Eight questions'!G52,1)),"Yes - intended reach exceeds pilot reach","No")) | R52: =IF('Eight questions'!S52="","",IF('Eight questions'!S52="Yes","Persistent (advisory)","Ephemeral session (transactional)"))

Sheet Prove and operate
A1: USE CASE | C1: STAGE 6 BEFORE RELEASE | N1: STAGE 7 AFTER RELEASE
A2: ID | B2: Use case | C2: 1 Prototype start | D2: 1 Prototype end | E2: Days | F2: Time-box respected? | G2: 2 The hardest step (not the easiest) | H2: 2 Hardest step piloted? | I2: 3 Evaluated against the Stage 2 measure? | J2: 4 Red team date | K2: 5 Has the control run for real? | L2: Release date | M2: Ready to release? | N2: 1 Outcome measure being monitored | O2: 1 Current value | P2: 1 As at | Q2: 2 Re-evaluation cadence | R2: 2 Last re-evaluation | S2: 3 Control staffed by | T2: 4 Back-to-design triggers | U2: 5 Last estate audit | V2: 5 Still in use? | W2: 5 Keep or retire | X2: Consumption review note
A3: =IF(Register!A3="","",Register!A3) | B3: =IF(Register!C3="","",Register!C3) | C3: 46222.583 | D3: 46233.583 | E3: =IF(COUNT(C3:D3)<2,"",D3-C3) | F3: =IF(E3="","",IF(E3<=14,"Yes","No - over two weeks")) | G3: Questions that span two policies where the more recent one has to win. Not the single-policy lookups, which always demo well and prove nothing. | H3: Yes | I3: Yes | J3: 46247.583 | K3: Yes | L3: 46258.583 | M3: =IF(COUNTA(H3,I3,K3)=0,"",IF(AND(H3="Yes",I3="Yes",K3="Yes",'Assurance and gate'!W3="Passed"),"Yes","Not yet")) | N3: =IF('Outcome contract'!D3="","",'Outcome contract'!D3) | O3: 186 a month | P3: 46265.583 | Q3: Quarterly, and after any restructure of the policy library | R3: 46265.583 | S3: D. Okonjo, P&C Systems Lead | T3: A confidently wrong citation reaching a manager. The reach tier moving beyond P&C. The policy library being restructured. Any change to the retention policy on the site. | U3: 46265.583 | V3: Yes | W3: Keep | X3: Well inside the seeded credit allocation. Nothing to review this month.
A4: =IF(Register!A4="","",Register!A4) | B4: =IF(Register!C4="","",Register!C4) | C4: 46278.583 | D4: 46289.583 | E4: =IF(COUNT(C4:D4)<2,"",D4-C4) | F4: =IF(E4="","",IF(E4<=14,"Yes","No - over two weeks")) | G4: Offline capture and later sync from a client home with no mobile signal. Not transcription accuracy, which already works on a desk and is not the risk. | H4: No | I4: No | K4: No | M4: =IF(COUNTA(H4,I4,K4)=0,"",IF(AND(H4="Yes",I4="Yes",K4="Yes",'Assurance and gate'!W4="Passed"),"Yes","Not yet")) | N4: =IF('Outcome contract'!D4="","",'Outcome contract'!D4) | Q4: Monthly once released, and after any model change | S4: Not yet staffed. This is the open item at the pilot gate. | T4: Any note filed without confirmation. A clinical terminology error reaching a client record. A change in the consent position. Extension beyond the two pilot regions. Any change to the data residency position. | V4: Yes
A5: =IF(Register!A5="","",Register!A5) | B5: =IF(Register!C5="","",Register!C5) | E5: =IF(COUNT(C5:D5)<2,"",D5-C5) | F5: =IF(E5="","",IF(E5<=14,"Yes","No - over two weeks")) | M5: =IF(COUNTA(H5,I5,K5)=0,"",IF(AND(H5="Yes",I5="Yes",K5="Yes",'Assurance and gate'!W5="Passed"),"Yes","Not yet")) | N5: =IF('Outcome contract'!D5="","",'Outcome contract'!D5)
A6: =IF(Register!A6="","",Register!A6) | B6: =IF(Register!C6="","",Register!C6) | E6: =IF(COUNT(C6:D6)<2,"",D6-C6) | F6: =IF(E6="","",IF(E6<=14,"Yes","No - over two weeks")) | M6: =IF(COUNTA(H6,I6,K6)=0,"",IF(AND(H6="Yes",I6="Yes",K6="Yes",'Assurance and gate'!W6="Passed"),"Yes","Not yet")) | N6: =IF('Outcome contract'!D6="","",'Outcome contract'!D6)
A7: =IF(Register!A7="","",Register!A7) | B7: =IF(Register!C7="","",Register!C7) | E7: =IF(COUNT(C7:D7)<2,"",D7-C7) | F7: =IF(E7="","",IF(E7<=14,"Yes","No - over two weeks")) | M7: =IF(COUNTA(H7,I7,K7)=0,"",IF(AND(H7="Yes",I7="Yes",K7="Yes",'Assurance and gate'!W7="Passed"),"Yes","Not yet")) | N7: =IF('Outcome contract'!D7="","",'Outcome contract'!D7)
A8: =IF(Register!A8="","",Register!A8) | B8: =IF(Register!C8="","",Register!C8) | E8: =IF(COUNT(C8:D8)<2,"",D8-C8) | F8: =IF(E8="","",IF(E8<=14,"Yes","No - over two weeks")) | M8: =IF(COUNTA(H8,I8,K8)=0,"",IF(AND(H8="Yes",I8="Yes",K8="Yes",'Assurance and gate'!W8="Passed"),"Yes","Not yet")) | N8: =IF('Outcome contract'!D8="","",'Outcome contract'!D8)
A9: =IF(Register!A9="","",Register!A9) | B9: =IF(Register!C9="","",Register!C9) | E9: =IF(COUNT(C9:D9)<2,"",D9-C9) | F9: =IF(E9="","",IF(E9<=14,"Yes","No - over two weeks")) | M9: =IF(COUNTA(H9,I9,K9)=0,"",IF(AND(H9="Yes",I9="Yes",K9="Yes",'Assurance and gate'!W9="Passed"),"Yes","Not yet")) | N9: =IF('Outcome contract'!D9="","",'Outcome contract'!D9)
A10: =IF(Register!A10="","",Register!A10) | B10: =IF(Register!C10="","",Register!C10) | E10: =IF(COUNT(C10:D10)<2,"",D10-C10) | F10: =IF(E10="","",IF(E10<=14,"Yes","No - over two weeks")) | M10: =IF(COUNTA(H10,I10,K10)=0,"",IF(AND(H10="Yes",I10="Yes",K10="Yes",'Assurance and gate'!W10="Passed"),"Yes","Not yet")) | N10: =IF('Outcome contract'!D10="","",'Outcome contract'!D10)
A11: =IF(Register!A11="","",Register!A11) | B11: =IF(Register!C11="","",Register!C11) | E11: =IF(COUNT(C11:D11)<2,"",D11-C11) | F11: =IF(E11="","",IF(E11<=14,"Yes","No - over two weeks")) | M11: =IF(COUNTA(H11,I11,K11)=0,"",IF(AND(H11="Yes",I11="Yes",K11="Yes",'Assurance and gate'!W11="Passed"),"Yes","Not yet")) | N11: =IF('Outcome contract'!D11="","",'Outcome contract'!D11)
A12: =IF(Register!A12="","",Register!A12) | B12: =IF(Register!C12="","",Register!C12) | E12: =IF(COUNT(C12:D12)<2,"",D12-C12) | F12: =IF(E12="","",IF(E12<=14,"Yes","No - over two weeks")) | M12: =IF(COUNTA(H12,I12,K12)=0,"",IF(AND(H12="Yes",I12="Yes",K12="Yes",'Assurance and gate'!W12="Passed"),"Yes","Not yet")) | N12: =IF('Outcome contract'!D12="","",'Outcome contract'!D12)
A13: =IF(Register!A13="","",Register!A13) | B13: =IF(Register!C13="","",Register!C13) | E13: =IF(COUNT(C13:D13)<2,"",D13-C13) | F13: =IF(E13="","",IF(E13<=14,"Yes","No - over two weeks")) | M13: =IF(COUNTA(H13,I13,K13)=0,"",IF(AND(H13="Yes",I13="Yes",K13="Yes",'Assurance and gate'!W13="Passed"),"Yes","Not yet")) | N13: =IF('Outcome contract'!D13="","",'Outcome contract'!D13)
A14: =IF(Register!A14="","",Register!A14) | B14: =IF(Register!C14="","",Register!C14) | E14: =IF(COUNT(C14:D14)<2,"",D14-C14) | F14: =IF(E14="","",IF(E14<=14,"Yes","No - over two weeks")) | M14: =IF(COUNTA(H14,I14,K14)=0,"",IF(AND(H14="Yes",I14="Yes",K14="Yes",'Assurance and gate'!W14="Passed"),"Yes","Not yet")) | N14: =IF('Outcome contract'!D14="","",'Outcome contract'!D14)
A15: =IF(Register!A15="","",Register!A15) | B15: =IF(Register!C15="","",Register!C15) | E15: =IF(COUNT(C15:D15)<2,"",D15-C15) | F15: =IF(E15="","",IF(E15<=14,"Yes","No - over two weeks")) | M15: =IF(COUNTA(H15,I15,K15)=0,"",IF(AND(H15="Yes",I15="Yes",K15="Yes",'Assurance and gate'!W15="Passed"),"Yes","Not yet")) | N15: =IF('Outcome contract'!D15="","",'Outcome contract'!D15)
A16: =IF(Register!A16="","",Register!A16) | B16: =IF(Register!C16="","",Register!C16) | E16: =IF(COUNT(C16:D16)<2,"",D16-C16) | F16: =IF(E16="","",IF(E16<=14,"Yes","No - over two weeks")) | M16: =IF(COUNTA(H16,I16,K16)=0,"",IF(AND(H16="Yes",I16="Yes",K16="Yes",'Assurance and gate'!W16="Passed"),"Yes","Not yet")) | N16: =IF('Outcome contract'!D16="","",'Outcome contract'!D16)
... A52: =IF(Register!A52="","",Register!A52) | B52: =IF(Register!C52="","",Register!C52) | E52: =IF(COUNT(C52:D52)<2,"",D52-C52) | F52: =IF(E52="","",IF(E52<=14,"Yes","No - over two weeks")) | M52: =IF(COUNTA(H52,I52,K52)=0,"",IF(AND(H52="Yes",I52="Yes",K52="Yes",'Assurance and gate'!W52="Passed"),"Yes","Not yet")) | N52: =IF('Outcome contract'!D52="","",'Outcome contract'!D52)

Sheet Answers out
A1: USE CASE | C1: 1 QUICK WIN AND FEASIBILITY | G1: 2-3 TOOLS AND SKILLS | I1: 4-6 COST AND TIME | L1: 7-8 SUPPORT, AND WHAT WE NEED BACK
A2: ID | B2: Use case | C2: Quick win? | D2: Why not (the first failing test) | E2: Assurance tier | F2: Integration-led? | G2: Tools required | H2: Skills and roles required | I2: Development effort | J2: Operations effort | K2: Time estimate | L2: Microsoft support | M2: Additional information required from the customer | N2: Contract complete
A3: =IF(Register!A3="","",Register!A3) | B3: =IF(Register!C3="","",Register!C3) | C3: =IF(OR(IF(Register!U3="",Register!T3,Register!U3)="",'Eight questions'!F3="",'Eight questions'!J3="",'Eight questions'!L3="",'Eight questions'!M3="",'Eight questions'!O3=""),"",IF(AND(IF(Register!U3="",Register!T3,Register!U3)<>"Agent",VALUE(LEFT('Eight questions'!F3,1))<=2,'Eight questions'!O3="Read only",OR('Eight questions'!J3="Public",'Eight questions'!J3="Internal"),OR('Eight questions'!L3="Nothing",'Eight questions'!L3="Static documents"),'Eight questions'!M3="Yes, in production"),"Quick win","No")) | D3: =IF(C3<>"No","",IF(IF(Register!U3="",Register!T3,Register!U3)="Agent","It is an agent",IF(VALUE(LEFT('Eight questions'!F3,1))>2,"Reach is tier 3 or above",IF('Eight questions'!O3<>"Read only","It is not read only - "&'Eight questions'!O3,IF(OR('Eight questions'!J3="Confidential",'Eight questions'!J3="Regulated"),"Data class is "&'Eight questions'!J3,IF(OR('Eight questions'!L3="Live system state",'Eight questions'!L3="Take an action",'Eight questions'!L3="Analytical data"),"The source is not static - "&'Eight questions'!L3,IF('Eight questions'!M3<>"Yes, in production","The connection does not exist in production",""))))))) | E3: =IF('Assurance and gate'!K3="","",'Assurance and gate'!K3) | F3: =IF('Eight questions'!M3="","",IF('Eight questions'!M3="No","Yes - programme work, not a quick win","No")) | G3: =IF(IF('Technology direction'!D3="",'Technology direction'!C3,'Technology direction'!D3)="","",IF('Technology direction'!D3="",'Technology direction'!C3,'Technology direction'!D3)&IF('Technology direction'!H3=""," "," - "&'Technology direction'!H3)&IF('Eight questions'!J3="Regulated"," - constrained by regulated data: a stated data location and private networking",IF('Eight questions'!J3="Confidential"," - constrained by confidential data: an explicit DLP policy and a named retention period",""))) | H3: =IF(IF('Technology direction'!D3="",'Technology direction'!C3,'Technology direction'!D3)="","",IF(IF('Technology direction'!D3="",'Technology direction'!C3,'Technology direction'!D3)="1 Not AI","Automation or data platform team",IF(IF('Technology direction'!D3="",'Technology direction'!C3,'Technology direction'!D3)="2 Ready-made","Workload team plus a Microsoft 365 administrator",IF(IF('Technology direction'!D3="",'Technology direction'!C3,'Technology direction'!D3)="3 Low-code","Workload team, a Copilot Studio maker, and the Platform team for connectors and DLP","Platform team, pro-code engineers, AI security and evaluation")))&IF('Assurance and gate'!J3>=3," - plus AI Centre of Excellence review","")) | I3: =IF(IF('Technology direction'!D3="",'Technology direction'!C3,'Technology direction'!D3)="","",IF(IF('Technology direction'!D3="",'Technology direction'!C3,'Technology direction'!D3)="1 Not AI","Configuration: days to weeks",IF(IF('Technology direction'!D3="",'Technology direction'!C3,'Technology direction'!D3)="2 Ready-made","Configure and adopt: one to three weeks",IF(IF('Technology direction'!D3="",'Technology direction'!C3,'Technology direction'!D3)="3 Low-code","Low-code build: three to eight weeks",IF(IF('Technology direction'!D3="",'Technology direction'!C3,'Technology direction'!D3)="4 Pro-code","Pro-code build: two to six months","Platform build: six months or more"))))&IF('Eight questions'!M3="No"," - integration-led, and the integration conversation comes first","")) | J3: =IF('Assurance and gate'!J3="","",IF('Assurance and gate'!J3=1,"Standard guardrails only",IF('Assurance and gate'!J3=2,"Named owner spot-checks, plus platform monitoring",IF('Assurance and gate'!J3=3,"Measured pilot, scheduled re-evaluation and a decision gate","A staffed human control that recurs every time the process runs, monitoring, scheduled evaluation and a route to a person")))&" - plus licences, credits and the monthly consumption review") | K3: =IF(OR('Eight questions'!L3="",'Eight questions'!M3=""),"",IF('Eight questions'!M3="No","Months - integration-led",IF(OR('Eight questions'!L3="Live system state",'Eight questions'!L3="Take an action"),"Months",IF('Eight questions'!L3="Analytical data","Weeks to months",IF('Assurance and gate'!J3=4,"Weeks, plus a full assurance cycle","Weeks"))))) | L3: =IF(IF('Technology direction'!D3="",'Technology direction'!C3,'Technology direction'!D3)="","",IF(IF('Technology direction'!D3="",'Technology direction'!C3,'Technology direction'!D3)="1 Not AI","Automation or Fabric guidance",IF(IF('Technology direction'!D3="",'Technology direction'!C3,'Technology direction'!D3)="2 Ready-made","Ready-made agent enablement and an adoption workshop",IF(IF('Technology direction'!D3="",'Technology direction'!C3,'Technology direction'!D3)="3 Low-code","Copilot Studio enablement, plus a partner for connectors","An architecture design session, plus a partner for the build")))&IF('Assurance and gate'!J3=4," - plus a responsible AI review","")) | M3: =IF(B3="","",IF('Outcome contract'!C3="","The result, stated as an outcome with a number. ","")&IF('Outcome contract'!E3="","Baseline today. ","")&IF('Outcome contract'!F3="","Target. ","")&IF('Outcome contract'!G3="","Owner for the build. ","")&IF('Outcome contract'!H3="","Owner after go-live. ","")&IF('Outcome contract'!I3="","The boundary: what it will refuse to do. ","")&IF(COUNTBLANK('Outcome contract'!M3)>0,"V1 how many people do this work today. ","")&IF(COUNTBLANK('Outcome contract'!N3)>0,"V2 how often it happens. ","")&IF(COUNTBLANK('Outcome contract'!O3)>0,"V3 how long it takes each time. ","")&IF(COUNTBLANK('Outcome contract'!P3)>0,"V4 how often it goes wrong and what that costs. ","")&IF('Outcome contract'!S3="","V6 what happens to the time saved. ","")&IF('Eight questions'!J3="","Data classification. ","")&IF('Eight questions'!M3="","Whether the connection already exists. ","")&IF('Eight questions'!O3="","What a wrong answer costs. ","")&IF(AND('Eight questions'!J3="Regulated",'Eight questions'!I3=""),"Consent and residency position. ","")) | N3: =IF(B3="","",(15-(IF('Outcome contract'!C3="",1,0)+IF('Outcome contract'!E3="",1,0)+IF('Outcome contract'!F3="",1,0)+IF('Outcome contract'!G3="",1,0)+IF('Outcome contract'!H3="",1,0)+IF('Outcome contract'!I3="",1,0)+COUNTBLANK('Outcome contract'!M3)+COUNTBLANK('Outcome contract'!N3)+COUNTBLANK('Outcome contract'!O3)+COUNTBLANK('Outcome contract'!P3)+IF('Outcome contract'!S3="",1,0)+IF('Eight questions'!J3="",1,0)+IF('Eight questions'!M3="",1,0)+IF('Eight questions'!O3="",1,0)+IF('Eight questions'!C3="",1,0)))/15)
A4: =IF(Register!A4="","",Register!A4) | B4: =IF(Register!C4="","",Register!C4) | C4: =IF(OR(IF(Register!U4="",Register!T4,Register!U4)="",'Eight questions'!F4="",'Eight questions'!J4="",'Eight questions'!L4="",'Eight questions'!M4="",'Eight questions'!O4=""),"",IF(AND(IF(Register!U4="",Register!T4,Register!U4)<>"Agent",VALUE(LEFT('Eight questions'!F4,1))<=2,'Eight questions'!O4="Read only",OR('Eight questions'!J4="Public",'Eight questions'!J4="Internal"),OR('Eight questions'!L4="Nothing",'Eight questions'!L4="Static documents"),'Eight questions'!M4="Yes, in production"),"Quick win","No")) | D4: =IF(C4<>"No","",IF(IF(Register!U4="",Register!T4,Register!U4)="Agent","It is an agent",IF(VALUE(LEFT('Eight questions'!F4,1))>2,"Reach is tier 3 or above",IF('Eight questions'!O4<>"Read only","It is not read only - "&'Eight questions'!O4,IF(OR('Eight questions'!J4="Confidential",'Eight questions'!J4="Regulated"),"Data class is "&'Eight questions'!J4,IF(OR('Eight questions'!L4="Live system state",'Eight questions'!L4="Take an action",'Eight questions'!L4="Analytical data"),"The source is not static - "&'Eight questions'!L4,IF('Eight questions'!M4<>"Yes, in production","The connection does not exist in production",""))))))) | E4: =IF('Assurance and gate'!K4="","",'Assurance and gate'!K4) | F4: =IF('Eight questions'!M4="","",IF('Eight questions'!M4="No","Yes - programme work, not a quick win","No")) | G4: =IF(IF('Technology direction'!D4="",'Technology direction'!C4,'Technology direction'!D4)="","",IF('Technology direction'!D4="",'Technology direction'!C4,'Technology direction'!D4)&IF('Technology direction'!H4=""," "," - "&'Technology direction'!H4)&IF('Eight questions'!J4="Regulated"," - constrained by regulated data: a stated data location and private networking",IF('Eight questions'!J4="Confidential"," - constrained by confidential data: an explicit DLP policy and a named retention period",""))) | H4: =IF(IF('Technology direction'!D4="",'Technology direction'!C4,'Technology direction'!D4)="","",IF(IF('Technology direction'!D4="",'Technology direction'!C4,'Technology direction'!D4)="1 Not AI","Automation or data platform team",IF(IF('Technology direction'!D4="",'Technology direction'!C4,'Technology direction'!D4)="2 Ready-made","Workload team plus a Microsoft 365 administrator",IF(IF('Technology direction'!D4="",'Technology direction'!C4,'Technology direction'!D4)="3 Low-code","Workload team, a Copilot Studio maker, and the Platform team for connectors and DLP","Platform team, pro-code engineers, AI security and evaluation")))&IF('Assurance and gate'!J4>=3," - plus AI Centre of Excellence review","")) | I4: =IF(IF('Technology direction'!D4="",'Technology direction'!C4,'Technology direction'!D4)="","",IF(IF('Technology direction'!D4="",'Technology direction'!C4,'Technology direction'!D4)="1 Not AI","Configuration: days to weeks",IF(IF('Technology direction'!D4="",'Technology direction'!C4,'Technology direction'!D4)="2 Ready-made","Configure and adopt: one to three weeks",IF(IF('Technology direction'!D4="",'Technology direction'!C4,'Technology direction'!D4)="3 Low-code","Low-code build: three to eight weeks",IF(IF('Technology direction'!D4="",'Technology direction'!C4,'Technology direction'!D4)="4 Pro-code","Pro-code build: two to six months","Platform build: six months or more"))))&IF('Eight questions'!M4="No"," - integration-led, and the integration conversation comes first","")) | J4: =IF('Assurance and gate'!J4="","",IF('Assurance and gate'!J4=1,"Standard guardrails only",IF('Assurance and gate'!J4=2,"Named owner spot-checks, plus platform monitoring",IF('Assurance and gate'!J4=3,"Measured pilot, scheduled re-evaluation and a decision gate","A staffed human control that recurs every time the process runs, monitoring, scheduled evaluation and a route to a person")))&" - plus licences, credits and the monthly consumption review") | K4: =IF(OR('Eight questions'!L4="",'Eight questions'!M4=""),"",IF('Eight questions'!M4="No","Months - integration-led",IF(OR('Eight questions'!L4="Live system state",'Eight questions'!L4="Take an action"),"Months",IF('Eight questions'!L4="Analytical data","Weeks to months",IF('Assurance and gate'!J4=4,"Weeks, plus a full assurance cycle","Weeks"))))) | L4: =IF(IF('Technology direction'!D4="",'Technology direction'!C4,'Technology direction'!D4)="","",IF(IF('Technology direction'!D4="",'Technology direction'!C4,'Technology direction'!D4)="1 Not AI","Automation or Fabric guidance",IF(IF('Technology direction'!D4="",'Technology direction'!C4,'Technology direction'!D4)="2 Ready-made","Ready-made agent enablement and an adoption workshop",IF(IF('Technology direction'!D4="",'Technology direction'!C4,'Technology direction'!D4)="3 Low-code","Copilot Studio enablement, plus a partner for connectors","An architecture design session, plus a partner for the build")))&IF('Assurance and gate'!J4=4," - plus a responsible AI review","")) | M4: =IF(B4="","",IF('Outcome contract'!C4="","The result, stated as an outcome with a number. ","")&IF('Outcome contract'!E4="","Baseline today. ","")&IF('Outcome contract'!F4="","Target. ","")&IF('Outcome contract'!G4="","Owner for the build. ","")&IF('Outcome contract'!H4="","Owner after go-live. ","")&IF('Outcome contract'!I4="","The boundary: what it will refuse to do. ","")&IF(COUNTBLANK('Outcome contract'!M4)>0,"V1 how many people do this work today. ","")&IF(COUNTBLANK('Outcome contract'!N4)>0,"V2 how often it happens. ","")&IF(COUNTBLANK('Outcome contract'!O4)>0,"V3 how long it takes each time. ","")&IF(COUNTBLANK('Outcome contract'!P4)>0,"V4 how often it goes wrong and what that costs. ","")&IF('Outcome contract'!S4="","V6 what happens to the time saved. ","")&IF('Eight questions'!J4="","Data classification. ","")&IF('Eight questions'!M4="","Whether the connection already exists. ","")&IF('Eight questions'!O4="","What a wrong answer costs. ","")&IF(AND('Eight questions'!J4="Regulated",'Eight questions'!I4=""),"Consent and residency position. ","")) | N4: =IF(B4="","",(15-(IF('Outcome contract'!C4="",1,0)+IF('Outcome contract'!E4="",1,0)+IF('Outcome contract'!F4="",1,0)+IF('Outcome contract'!G4="",1,0)+IF('Outcome contract'!H4="",1,0)+IF('Outcome contract'!I4="",1,0)+COUNTBLANK('Outcome contract'!M4)+COUNTBLANK('Outcome contract'!N4)+COUNTBLANK('Outcome contract'!O4)+COUNTBLANK('Outcome contract'!P4)+IF('Outcome contract'!S4="",1,0)+IF('Eight questions'!J4="",1,0)+IF('Eight questions'!M4="",1,0)+IF('Eight questions'!O4="",1,0)+IF('Eight questions'!C4="",1,0)))/15)
A5: =IF(Register!A5="","",Register!A5) | B5: =IF(Register!C5="","",Register!C5) | C5: =IF(OR(IF(Register!U5="",Register!T5,Register!U5)="",'Eight questions'!F5="",'Eight questions'!J5="",'Eight questions'!L5="",'Eight questions'!M5="",'Eight questions'!O5=""),"",IF(AND(IF(Register!U5="",Register!T5,Register!U5)<>"Agent",VALUE(LEFT('Eight questions'!F5,1))<=2,'Eight questions'!O5="Read only",OR('Eight questions'!J5="Public",'Eight questions'!J5="Internal"),OR('Eight questions'!L5="Nothing",'Eight questions'!L5="Static documents"),'Eight questions'!M5="Yes, in production"),"Quick win","No")) | D5: =IF(C5<>"No","",IF(IF(Register!U5="",Register!T5,Register!U5)="Agent","It is an agent",IF(VALUE(LEFT('Eight questions'!F5,1))>2,"Reach is tier 3 or above",IF('Eight questions'!O5<>"Read only","It is not read only - "&'Eight questions'!O5,IF(OR('Eight questions'!J5="Confidential",'Eight questions'!J5="Regulated"),"Data class is "&'Eight questions'!J5,IF(OR('Eight questions'!L5="Live system state",'Eight questions'!L5="Take an action",'Eight questions'!L5="Analytical data"),"The source is not static - "&'Eight questions'!L5,IF('Eight questions'!M5<>"Yes, in production","The connection does not exist in production",""))))))) | E5: =IF('Assurance and gate'!K5="","",'Assurance and gate'!K5) | F5: =IF('Eight questions'!M5="","",IF('Eight questions'!M5="No","Yes - programme work, not a quick win","No")) | G5: =IF(IF('Technology direction'!D5="",'Technology direction'!C5,'Technology direction'!D5)="","",IF('Technology direction'!D5="",'Technology direction'!C5,'Technology direction'!D5)&IF('Technology direction'!H5=""," "," - "&'Technology direction'!H5)&IF('Eight questions'!J5="Regulated"," - constrained by regulated data: a stated data location and private networking",IF('Eight questions'!J5="Confidential"," - constrained by confidential data: an explicit DLP policy and a named retention period",""))) | H5: =IF(IF('Technology direction'!D5="",'Technology direction'!C5,'Technology direction'!D5)="","",IF(IF('Technology direction'!D5="",'Technology direction'!C5,'Technology direction'!D5)="1 Not AI","Automation or data platform team",IF(IF('Technology direction'!D5="",'Technology direction'!C5,'Technology direction'!D5)="2 Ready-made","Workload team plus a Microsoft 365 administrator",IF(IF('Technology direction'!D5="",'Technology direction'!C5,'Technology direction'!D5)="3 Low-code","Workload team, a Copilot Studio maker, and the Platform team for connectors and DLP","Platform team, pro-code engineers, AI security and evaluation")))&IF('Assurance and gate'!J5>=3," - plus AI Centre of Excellence review","")) | I5: =IF(IF('Technology direction'!D5="",'Technology direction'!C5,'Technology direction'!D5)="","",IF(IF('Technology direction'!D5="",'Technology direction'!C5,'Technology direction'!D5)="1 Not AI","Configuration: days to weeks",IF(IF('Technology direction'!D5="",'Technology direction'!C5,'Technology direction'!D5)="2 Ready-made","Configure and adopt: one to three weeks",IF(IF('Technology direction'!D5="",'Technology direction'!C5,'Technology direction'!D5)="3 Low-code","Low-code build: three to eight weeks",IF(IF('Technology direction'!D5="",'Technology direction'!C5,'Technology direction'!D5)="4 Pro-code","Pro-code build: two to six months","Platform build: six months or more"))))&IF('Eight questions'!M5="No"," - integration-led, and the integration conversation comes first","")) | J5: =IF('Assurance and gate'!J5="","",IF('Assurance and gate'!J5=1,"Standard guardrails only",IF('Assurance and gate'!J5=2,"Named owner spot-checks, plus platform monitoring",IF('Assurance and gate'!J5=3,"Measured pilot, scheduled re-evaluation and a decision gate","A staffed human control that recurs every time the process runs, monitoring, scheduled evaluation and a route to a person")))&" - plus licences, credits and the monthly consumption review") | K5: =IF(OR('Eight questions'!L5="",'Eight questions'!M5=""),"",IF('Eight questions'!M5="No","Months - integration-led",IF(OR('Eight questions'!L5="Live system state",'Eight questions'!L5="Take an action"),"Months",IF('Eight questions'!L5="Analytical data","Weeks to months",IF('Assurance and gate'!J5=4,"Weeks, plus a full assurance cycle","Weeks"))))) | L5: =IF(IF('Technology direction'!D5="",'Technology direction'!C5,'Technology direction'!D5)="","",IF(IF('Technology direction'!D5="",'Technology direction'!C5,'Technology direction'!D5)="1 Not AI","Automation or Fabric guidance",IF(IF('Technology direction'!D5="",'Technology direction'!C5,'Technology direction'!D5)="2 Ready-made","Ready-made agent enablement and an adoption workshop",IF(IF('Technology direction'!D5="",'Technology direction'!C5,'Technology direction'!D5)="3 Low-code","Copilot Studio enablement, plus a partner for connectors","An architecture design session, plus a partner for the build")))&IF('Assurance and gate'!J5=4," - plus a responsible AI review","")) | M5: =IF(B5="","",IF('Outcome contract'!C5="","The result, stated as an outcome with a number. ","")&IF('Outcome contract'!E5="","Baseline today. ","")&IF('Outcome contract'!F5="","Target. ","")&IF('Outcome contract'!G5="","Owner for the build. ","")&IF('Outcome contract'!H5="","Owner after go-live. ","")&IF('Outcome contract'!I5="","The boundary: what it will refuse to do. ","")&IF(COUNTBLANK('Outcome contract'!M5)>0,"V1 how many people do this work today. ","")&IF(COUNTBLANK('Outcome contract'!N5)>0,"V2 how often it happens. ","")&IF(COUNTBLANK('Outcome contract'!O5)>0,"V3 how long it takes each time. ","")&IF(COUNTBLANK('Outcome contract'!P5)>0,"V4 how often it goes wrong and what that costs. ","")&IF('Outcome contract'!S5="","V6 what happens to the time saved. ","")&IF('Eight questions'!J5="","Data classification. ","")&IF('Eight questions'!M5="","Whether the connection already exists. ","")&IF('Eight questions'!O5="","What a wrong answer costs. ","")&IF(AND('Eight questions'!J5="Regulated",'Eight questions'!I5=""),"Consent and residency position. ","")) | N5: =IF(B5="","",(15-(IF('Outcome contract'!C5="",1,0)+IF('Outcome contract'!E5="",1,0)+IF('Outcome contract'!F5="",1,0)+IF('Outcome contract'!G5="",1,0)+IF('Outcome contract'!H5="",1,0)+IF('Outcome contract'!I5="",1,0)+COUNTBLANK('Outcome contract'!M5)+COUNTBLANK('Outcome contract'!N5)+COUNTBLANK('Outcome contract'!O5)+COUNTBLANK('Outcome contract'!P5)+IF('Outcome contract'!S5="",1,0)+IF('Eight questions'!J5="",1,0)+IF('Eight questions'!M5="",1,0)+IF('Eight questions'!O5="",1,0)+IF('Eight questions'!C5="",1,0)))/15)
A6: =IF(Register!A6="","",Register!A6) | B6: =IF(Register!C6="","",Register!C6) | C6: =IF(OR(IF(Register!U6="",Register!T6,Register!U6)="",'Eight questions'!F6="",'Eight questions'!J6="",'Eight questions'!L6="",'Eight questions'!M6="",'Eight questions'!O6=""),"",IF(AND(IF(Register!U6="",Register!T6,Register!U6)<>"Agent",VALUE(LEFT('Eight questions'!F6,1))<=2,'Eight questions'!O6="Read only",OR('Eight questions'!J6="Public",'Eight questions'!J6="Internal"),OR('Eight questions'!L6="Nothing",'Eight questions'!L6="Static documents"),'Eight questions'!M6="Yes, in production"),"Quick win","No")) | D6: =IF(C6<>"No","",IF(IF(Register!U6="",Register!T6,Register!U6)="Agent","It is an agent",IF(VALUE(LEFT('Eight questions'!F6,1))>2,"Reach is tier 3 or above",IF('Eight questions'!O6<>"Read only","It is not read only - "&'Eight questions'!O6,IF(OR('Eight questions'!J6="Confidential",'Eight questions'!J6="Regulated"),"Data class is "&'Eight questions'!J6,IF(OR('Eight questions'!L6="Live system state",'Eight questions'!L6="Take an action",'Eight questions'!L6="Analytical data"),"The source is not static - "&'Eight questions'!L6,IF('Eight questions'!M6<>"Yes, in production","The connection does not exist in production",""))))))) | E6: =IF('Assurance and gate'!K6="","",'Assurance and gate'!K6) | F6: =IF('Eight questions'!M6="","",IF('Eight questions'!M6="No","Yes - programme work, not a quick win","No")) | G6: =IF(IF('Technology direction'!D6="",'Technology direction'!C6,'Technology direction'!D6)="","",IF('Technology direction'!D6="",'Technology direction'!C6,'Technology direction'!D6)&IF('Technology direction'!H6=""," "," - "&'Technology direction'!H6)&IF('Eight questions'!J6="Regulated"," - constrained by regulated data: a stated data location and private networking",IF('Eight questions'!J6="Confidential"," - constrained by confidential data: an explicit DLP policy and a named retention period",""))) | H6: =IF(IF('Technology direction'!D6="",'Technology direction'!C6,'Technology direction'!D6)="","",IF(IF('Technology direction'!D6="",'Technology direction'!C6,'Technology direction'!D6)="1 Not AI","Automation or data platform team",IF(IF('Technology direction'!D6="",'Technology direction'!C6,'Technology direction'!D6)="2 Ready-made","Workload team plus a Microsoft 365 administrator",IF(IF('Technology direction'!D6="",'Technology direction'!C6,'Technology direction'!D6)="3 Low-code","Workload team, a Copilot Studio maker, and the Platform team for connectors and DLP","Platform team, pro-code engineers, AI security and evaluation")))&IF('Assurance and gate'!J6>=3," - plus AI Centre of Excellence review","")) | I6: =IF(IF('Technology direction'!D6="",'Technology direction'!C6,'Technology direction'!D6)="","",IF(IF('Technology direction'!D6="",'Technology direction'!C6,'Technology direction'!D6)="1 Not AI","Configuration: days to weeks",IF(IF('Technology direction'!D6="",'Technology direction'!C6,'Technology direction'!D6)="2 Ready-made","Configure and adopt: one to three weeks",IF(IF('Technology direction'!D6="",'Technology direction'!C6,'Technology direction'!D6)="3 Low-code","Low-code build: three to eight weeks",IF(IF('Technology direction'!D6="",'Technology direction'!C6,'Technology direction'!D6)="4 Pro-code","Pro-code build: two to six months","Platform build: six months or more"))))&IF('Eight questions'!M6="No"," - integration-led, and the integration conversation comes first","")) | J6: =IF('Assurance and gate'!J6="","",IF('Assurance and gate'!J6=1,"Standard guardrails only",IF('Assurance and gate'!J6=2,"Named owner spot-checks, plus platform monitoring",IF('Assurance and gate'!J6=3,"Measured pilot, scheduled re-evaluation and a decision gate","A staffed human control that recurs every time the process runs, monitoring, scheduled evaluation and a route to a person")))&" - plus licences, credits and the monthly consumption review") | K6: =IF(OR('Eight questions'!L6="",'Eight questions'!M6=""),"",IF('Eight questions'!M6="No","Months - integration-led",IF(OR('Eight questions'!L6="Live system state",'Eight questions'!L6="Take an action"),"Months",IF('Eight questions'!L6="Analytical data","Weeks to months",IF('Assurance and gate'!J6=4,"Weeks, plus a full assurance cycle","Weeks"))))) | L6: =IF(IF('Technology direction'!D6="",'Technology direction'!C6,'Technology direction'!D6)="","",IF(IF('Technology direction'!D6="",'Technology direction'!C6,'Technology direction'!D6)="1 Not AI","Automation or Fabric guidance",IF(IF('Technology direction'!D6="",'Technology direction'!C6,'Technology direction'!D6)="2 Ready-made","Ready-made agent enablement and an adoption workshop",IF(IF('Technology direction'!D6="",'Technology direction'!C6,'Technology direction'!D6)="3 Low-code","Copilot Studio enablement, plus a partner for connectors","An architecture design session, plus a partner for the build")))&IF('Assurance and gate'!J6=4," - plus a responsible AI review","")) | M6: =IF(B6="","",IF('Outcome contract'!C6="","The result, stated as an outcome with a number. ","")&IF('Outcome contract'!E6="","Baseline today. ","")&IF('Outcome contract'!F6="","Target. ","")&IF('Outcome contract'!G6="","Owner for the build. ","")&IF('Outcome contract'!H6="","Owner after go-live. ","")&IF('Outcome contract'!I6="","The boundary: what it will refuse to do. ","")&IF(COUNTBLANK('Outcome contract'!M6)>0,"V1 how many people do this work today. ","")&IF(COUNTBLANK('Outcome contract'!N6)>0,"V2 how often it happens. ","")&IF(COUNTBLANK('Outcome contract'!O6)>0,"V3 how long it takes each time. ","")&IF(COUNTBLANK('Outcome contract'!P6)>0,"V4 how often it goes wrong and what that costs. ","")&IF('Outcome contract'!S6="","V6 what happens to the time saved. ","")&IF('Eight questions'!J6="","Data classification. ","")&IF('Eight questions'!M6="","Whether the connection already exists. ","")&IF('Eight questions'!O6="","What a wrong answer costs. ","")&IF(AND('Eight questions'!J6="Regulated",'Eight questions'!I6=""),"Consent and residency position. ","")) | N6: =IF(B6="","",(15-(IF('Outcome contract'!C6="",1,0)+IF('Outcome contract'!E6="",1,0)+IF('Outcome contract'!F6="",1,0)+IF('Outcome contract'!G6="",1,0)+IF('Outcome contract'!H6="",1,0)+IF('Outcome contract'!I6="",1,0)+COUNTBLANK('Outcome contract'!M6)+COUNTBLANK('Outcome contract'!N6)+COUNTBLANK('Outcome contract'!O6)+COUNTBLANK('Outcome contract'!P6)+IF('Outcome contract'!S6="",1,0)+IF('Eight questions'!J6="",1,0)+IF('Eight questions'!M6="",1,0)+IF('Eight questions'!O6="",1,0)+IF('Eight questions'!C6="",1,0)))/15)
A7: =IF(Register!A7="","",Register!A7) | B7: =IF(Register!C7="","",Register!C7) | C7: =IF(OR(IF(Register!U7="",Register!T7,Register!U7)="",'Eight questions'!F7="",'Eight questions'!J7="",'Eight questions'!L7="",'Eight questions'!M7="",'Eight questions'!O7=""),"",IF(AND(IF(Register!U7="",Register!T7,Register!U7)<>"Agent",VALUE(LEFT('Eight questions'!F7,1))<=2,'Eight questions'!O7="Read only",OR('Eight questions'!J7="Public",'Eight questions'!J7="Internal"),OR('Eight questions'!L7="Nothing",'Eight questions'!L7="Static documents"),'Eight questions'!M7="Yes, in production"),"Quick win","No")) | D7: =IF(C7<>"No","",IF(IF(Register!U7="",Register!T7,Register!U7)="Agent","It is an agent",IF(VALUE(LEFT('Eight questions'!F7,1))>2,"Reach is tier 3 or above",IF('Eight questions'!O7<>"Read only","It is not read only - "&'Eight questions'!O7,IF(OR('Eight questions'!J7="Confidential",'Eight questions'!J7="Regulated"),"Data class is "&'Eight questions'!J7,IF(OR('Eight questions'!L7="Live system state",'Eight questions'!L7="Take an action",'Eight questions'!L7="Analytical data"),"The source is not static - "&'Eight questions'!L7,IF('Eight questions'!M7<>"Yes, in production","The connection does not exist in production",""))))))) | E7: =IF('Assurance and gate'!K7="","",'Assurance and gate'!K7) | F7: =IF('Eight questions'!M7="","",IF('Eight questions'!M7="No","Yes - programme work, not a quick win","No")) | G7: =IF(IF('Technology direction'!D7="",'Technology direction'!C7,'Technology direction'!D7)="","",IF('Technology direction'!D7="",'Technology direction'!C7,'Technology direction'!D7)&IF('Technology direction'!H7=""," "," - "&'Technology direction'!H7)&IF('Eight questions'!J7="Regulated"," - constrained by regulated data: a stated data location and private networking",IF('Eight questions'!J7="Confidential"," - constrained by confidential data: an explicit DLP policy and a named retention period",""))) | H7: =IF(IF('Technology direction'!D7="",'Technology direction'!C7,'Technology direction'!D7)="","",IF(IF('Technology direction'!D7="",'Technology direction'!C7,'Technology direction'!D7)="1 Not AI","Automation or data platform team",IF(IF('Technology direction'!D7="",'Technology direction'!C7,'Technology direction'!D7)="2 Ready-made","Workload team plus a Microsoft 365 administrator",IF(IF('Technology direction'!D7="",'Technology direction'!C7,'Technology direction'!D7)="3 Low-code","Workload team, a Copilot Studio maker, and the Platform team for connectors and DLP","Platform team, pro-code engineers, AI security and evaluation")))&IF('Assurance and gate'!J7>=3," - plus AI Centre of Excellence review","")) | I7: =IF(IF('Technology direction'!D7="",'Technology direction'!C7,'Technology direction'!D7)="","",IF(IF('Technology direction'!D7="",'Technology direction'!C7,'Technology direction'!D7)="1 Not AI","Configuration: days to weeks",IF(IF('Technology direction'!D7="",'Technology direction'!C7,'Technology direction'!D7)="2 Ready-made","Configure and adopt: one to three weeks",IF(IF('Technology direction'!D7="",'Technology direction'!C7,'Technology direction'!D7)="3 Low-code","Low-code build: three to eight weeks",IF(IF('Technology direction'!D7="",'Technology direction'!C7,'Technology direction'!D7)="4 Pro-code","Pro-code build: two to six months","Platform build: six months or more"))))&IF('Eight questions'!M7="No"," - integration-led, and the integration conversation comes first","")) | J7: =IF('Assurance and gate'!J7="","",IF('Assurance and gate'!J7=1,"Standard guardrails only",IF('Assurance and gate'!J7=2,"Named owner spot-checks, plus platform monitoring",IF('Assurance and gate'!J7=3,"Measured pilot, scheduled re-evaluation and a decision gate","A staffed human control that recurs every time the process runs, monitoring, scheduled evaluation and a route to a person")))&" - plus licences, credits and the monthly consumption review") | K7: =IF(OR('Eight questions'!L7="",'Eight questions'!M7=""),"",IF('Eight questions'!M7="No","Months - integration-led",IF(OR('Eight questions'!L7="Live system state",'Eight questions'!L7="Take an action"),"Months",IF('Eight questions'!L7="Analytical data","Weeks to months",IF('Assurance and gate'!J7=4,"Weeks, plus a full assurance cycle","Weeks"))))) | L7: =IF(IF('Technology direction'!D7="",'Technology direction'!C7,'Technology direction'!D7)="","",IF(IF('Technology direction'!D7="",'Technology direction'!C7,'Technology direction'!D7)="1 Not AI","Automation or Fabric guidance",IF(IF('Technology direction'!D7="",'Technology direction'!C7,'Technology direction'!D7)="2 Ready-made","Ready-made agent enablement and an adoption workshop",IF(IF('Technology direction'!D7="",'Technology direction'!C7,'Technology direction'!D7)="3 Low-code","Copilot Studio enablement, plus a partner for connectors","An architecture design session, plus a partner for the build")))&IF('Assurance and gate'!J7=4," - plus a responsible AI review","")) | M7: =IF(B7="","",IF('Outcome contract'!C7="","The result, stated as an outcome with a number. ","")&IF('Outcome contract'!E7="","Baseline today. ","")&IF('Outcome contract'!F7="","Target. ","")&IF('Outcome contract'!G7="","Owner for the build. ","")&IF('Outcome contract'!H7="","Owner after go-live. ","")&IF('Outcome contract'!I7="","The boundary: what it will refuse to do. ","")&IF(COUNTBLANK('Outcome contract'!M7)>0,"V1 how many people do this work today. ","")&IF(COUNTBLANK('Outcome contract'!N7)>0,"V2 how often it happens. ","")&IF(COUNTBLANK('Outcome contract'!O7)>0,"V3 how long it takes each time. ","")&IF(COUNTBLANK('Outcome contract'!P7)>0,"V4 how often it goes wrong and what that costs. ","")&IF('Outcome contract'!S7="","V6 what happens to the time saved. ","")&IF('Eight questions'!J7="","Data classification. ","")&IF('Eight questions'!M7="","Whether the connection already exists. ","")&IF('Eight questions'!O7="","What a wrong answer costs. ","")&IF(AND('Eight questions'!J7="Regulated",'Eight questions'!I7=""),"Consent and residency position. ","")) | N7: =IF(B7="","",(15-(IF('Outcome contract'!C7="",1,0)+IF('Outcome contract'!E7="",1,0)+IF('Outcome contract'!F7="",1,0)+IF('Outcome contract'!G7="",1,0)+IF('Outcome contract'!H7="",1,0)+IF('Outcome contract'!I7="",1,0)+COUNTBLANK('Outcome contract'!M7)+COUNTBLANK('Outcome contract'!N7)+COUNTBLANK('Outcome contract'!O7)+COUNTBLANK('Outcome contract'!P7)+IF('Outcome contract'!S7="",1,0)+IF('Eight questions'!J7="",1,0)+IF('Eight questions'!M7="",1,0)+IF('Eight questions'!O7="",1,0)+IF('Eight questions'!C7="",1,0)))/15)
A8: =IF(Register!A8="","",Register!A8) | B8: =IF(Register!C8="","",Register!C8) | C8: =IF(OR(IF(Register!U8="",Register!T8,Register!U8)="",'Eight questions'!F8="",'Eight questions'!J8="",'Eight questions'!L8="",'Eight questions'!M8="",'Eight questions'!O8=""),"",IF(AND(IF(Register!U8="",Register!T8,Register!U8)<>"Agent",VALUE(LEFT('Eight questions'!F8,1))<=2,'Eight questions'!O8="Read only",OR('Eight questions'!J8="Public",'Eight questions'!J8="Internal"),OR('Eight questions'!L8="Nothing",'Eight questions'!L8="Static documents"),'Eight questions'!M8="Yes, in production"),"Quick win","No")) | D8: =IF(C8<>"No","",IF(IF(Register!U8="",Register!T8,Register!U8)="Agent","It is an agent",IF(VALUE(LEFT('Eight questions'!F8,1))>2,"Reach is tier 3 or above",IF('Eight questions'!O8<>"Read only","It is not read only - "&'Eight questions'!O8,IF(OR('Eight questions'!J8="Confidential",'Eight questions'!J8="Regulated"),"Data class is "&'Eight questions'!J8,IF(OR('Eight questions'!L8="Live system state",'Eight questions'!L8="Take an action",'Eight questions'!L8="Analytical data"),"The source is not static - "&'Eight questions'!L8,IF('Eight questions'!M8<>"Yes, in production","The connection does not exist in production",""))))))) | E8: =IF('Assurance and gate'!K8="","",'Assurance and gate'!K8) | F8: =IF('Eight questions'!M8="","",IF('Eight questions'!M8="No","Yes - programme work, not a quick win","No")) | G8: =IF(IF('Technology direction'!D8="",'Technology direction'!C8,'Technology direction'!D8)="","",IF('Technology direction'!D8="",'Technology direction'!C8,'Technology direction'!D8)&IF('Technology direction'!H8=""," "," - "&'Technology direction'!H8)&IF('Eight questions'!J8="Regulated"," - constrained by regulated data: a stated data location and private networking",IF('Eight questions'!J8="Confidential"," - constrained by confidential data: an explicit DLP policy and a named retention period",""))) | H8: =IF(IF('Technology direction'!D8="",'Technology direction'!C8,'Technology direction'!D8)="","",IF(IF('Technology direction'!D8="",'Technology direction'!C8,'Technology direction'!D8)="1 Not AI","Automation or data platform team",IF(IF('Technology direction'!D8="",'Technology direction'!C8,'Technology direction'!D8)="2 Ready-made","Workload team plus a Microsoft 365 administrator",IF(IF('Technology direction'!D8="",'Technology direction'!C8,'Technology direction'!D8)="3 Low-code","Workload team, a Copilot Studio maker, and the Platform team for connectors and DLP","Platform team, pro-code engineers, AI security and evaluation")))&IF('Assurance and gate'!J8>=3," - plus AI Centre of Excellence review","")) | I8: =IF(IF('Technology direction'!D8="",'Technology direction'!C8,'Technology direction'!D8)="","",IF(IF('Technology direction'!D8="",'Technology direction'!C8,'Technology direction'!D8)="1 Not AI","Configuration: days to weeks",IF(IF('Technology direction'!D8="",'Technology direction'!C8,'Technology direction'!D8)="2 Ready-made","Configure and adopt: one to three weeks",IF(IF('Technology direction'!D8="",'Technology direction'!C8,'Technology direction'!D8)="3 Low-code","Low-code build: three to eight weeks",IF(IF('Technology direction'!D8="",'Technology direction'!C8,'Technology direction'!D8)="4 Pro-code","Pro-code build: two to six months","Platform build: six months or more"))))&IF('Eight questions'!M8="No"," - integration-led, and the integration conversation comes first","")) | J8: =IF('Assurance and gate'!J8="","",IF('Assurance and gate'!J8=1,"Standard guardrails only",IF('Assurance and gate'!J8=2,"Named owner spot-checks, plus platform monitoring",IF('Assurance and gate'!J8=3,"Measured pilot, scheduled re-evaluation and a decision gate","A staffed human control that recurs every time the process runs, monitoring, scheduled evaluation and a route to a person")))&" - plus licences, credits and the monthly consumption review") | K8: =IF(OR('Eight questions'!L8="",'Eight questions'!M8=""),"",IF('Eight questions'!M8="No","Months - integration-led",IF(OR('Eight questions'!L8="Live system state",'Eight questions'!L8="Take an action"),"Months",IF('Eight questions'!L8="Analytical data","Weeks to months",IF('Assurance and gate'!J8=4,"Weeks, plus a full assurance cycle","Weeks"))))) | L8: =IF(IF('Technology direction'!D8="",'Technology direction'!C8,'Technology direction'!D8)="","",IF(IF('Technology direction'!D8="",'Technology direction'!C8,'Technology direction'!D8)="1 Not AI","Automation or Fabric guidance",IF(IF('Technology direction'!D8="",'Technology direction'!C8,'Technology direction'!D8)="2 Ready-made","Ready-made agent enablement and an adoption workshop",IF(IF('Technology direction'!D8="",'Technology direction'!C8,'Technology direction'!D8)="3 Low-code","Copilot Studio enablement, plus a partner for connectors","An architecture design session, plus a partner for the build")))&IF('Assurance and gate'!J8=4," - plus a responsible AI review","")) | M8: =IF(B8="","",IF('Outcome contract'!C8="","The result, stated as an outcome with a number. ","")&IF('Outcome contract'!E8="","Baseline today. ","")&IF('Outcome contract'!F8="","Target. ","")&IF('Outcome contract'!G8="","Owner for the build. ","")&IF('Outcome contract'!H8="","Owner after go-live. ","")&IF('Outcome contract'!I8="","The boundary: what it will refuse to do. ","")&IF(COUNTBLANK('Outcome contract'!M8)>0,"V1 how many people do this work today. ","")&IF(COUNTBLANK('Outcome contract'!N8)>0,"V2 how often it happens. ","")&IF(COUNTBLANK('Outcome contract'!O8)>0,"V3 how long it takes each time. ","")&IF(COUNTBLANK('Outcome contract'!P8)>0,"V4 how often it goes wrong and what that costs. ","")&IF('Outcome contract'!S8="","V6 what happens to the time saved. ","")&IF('Eight questions'!J8="","Data classification. ","")&IF('Eight questions'!M8="","Whether the connection already exists. ","")&IF('Eight questions'!O8="","What a wrong answer costs. ","")&IF(AND('Eight questions'!J8="Regulated",'Eight questions'!I8=""),"Consent and residency position. ","")) | N8: =IF(B8="","",(15-(IF('Outcome contract'!C8="",1,0)+IF('Outcome contract'!E8="",1,0)+IF('Outcome contract'!F8="",1,0)+IF('Outcome contract'!G8="",1,0)+IF('Outcome contract'!H8="",1,0)+IF('Outcome contract'!I8="",1,0)+COUNTBLANK('Outcome contract'!M8)+COUNTBLANK('Outcome contract'!N8)+COUNTBLANK('Outcome contract'!O8)+COUNTBLANK('Outcome contract'!P8)+IF('Outcome contract'!S8="",1,0)+IF('Eight questions'!J8="",1,0)+IF('Eight questions'!M8="",1,0)+IF('Eight questions'!O8="",1,0)+IF('Eight questions'!C8="",1,0)))/15)
A9: =IF(Register!A9="","",Register!A9) | B9: =IF(Register!C9="","",Register!C9) | C9: =IF(OR(IF(Register!U9="",Register!T9,Register!U9)="",'Eight questions'!F9="",'Eight questions'!J9="",'Eight questions'!L9="",'Eight questions'!M9="",'Eight questions'!O9=""),"",IF(AND(IF(Register!U9="",Register!T9,Register!U9)<>"Agent",VALUE(LEFT('Eight questions'!F9,1))<=2,'Eight questions'!O9="Read only",OR('Eight questions'!J9="Public",'Eight questions'!J9="Internal"),OR('Eight questions'!L9="Nothing",'Eight questions'!L9="Static documents"),'Eight questions'!M9="Yes, in production"),"Quick win","No")) | D9: =IF(C9<>"No","",IF(IF(Register!U9="",Register!T9,Register!U9)="Agent","It is an agent",IF(VALUE(LEFT('Eight questions'!F9,1))>2,"Reach is tier 3 or above",IF('Eight questions'!O9<>"Read only","It is not read only - "&'Eight questions'!O9,IF(OR('Eight questions'!J9="Confidential",'Eight questions'!J9="Regulated"),"Data class is "&'Eight questions'!J9,IF(OR('Eight questions'!L9="Live system state",'Eight questions'!L9="Take an action",'Eight questions'!L9="Analytical data"),"The source is not static - "&'Eight questions'!L9,IF('Eight questions'!M9<>"Yes, in production","The connection does not exist in production",""))))))) | E9: =IF('Assurance and gate'!K9="","",'Assurance and gate'!K9) | F9: =IF('Eight questions'!M9="","",IF('Eight questions'!M9="No","Yes - programme work, not a quick win","No")) | G9: =IF(IF('Technology direction'!D9="",'Technology direction'!C9,'Technology direction'!D9)="","",IF('Technology direction'!D9="",'Technology direction'!C9,'Technology direction'!D9)&IF('Technology direction'!H9=""," "," - "&'Technology direction'!H9)&IF('Eight questions'!J9="Regulated"," - constrained by regulated data: a stated data location and private networking",IF('Eight questions'!J9="Confidential"," - constrained by confidential data: an explicit DLP policy and a named retention period",""))) | H9: =IF(IF('Technology direction'!D9="",'Technology direction'!C9,'Technology direction'!D9)="","",IF(IF('Technology direction'!D9="",'Technology direction'!C9,'Technology direction'!D9)="1 Not AI","Automation or data platform team",IF(IF('Technology direction'!D9="",'Technology direction'!C9,'Technology direction'!D9)="2 Ready-made","Workload team plus a Microsoft 365 administrator",IF(IF('Technology direction'!D9="",'Technology direction'!C9,'Technology direction'!D9)="3 Low-code","Workload team, a Copilot Studio maker, and the Platform team for connectors and DLP","Platform team, pro-code engineers, AI security and evaluation")))&IF('Assurance and gate'!J9>=3," - plus AI Centre of Excellence review","")) | I9: =IF(IF('Technology direction'!D9="",'Technology direction'!C9,'Technology direction'!D9)="","",IF(IF('Technology direction'!D9="",'Technology direction'!C9,'Technology direction'!D9)="1 Not AI","Configuration: days to weeks",IF(IF('Technology direction'!D9="",'Technology direction'!C9,'Technology direction'!D9)="2 Ready-made","Configure and adopt: one to three weeks",IF(IF('Technology direction'!D9="",'Technology direction'!C9,'Technology direction'!D9)="3 Low-code","Low-code build: three to eight weeks",IF(IF('Technology direction'!D9="",'Technology direction'!C9,'Technology direction'!D9)="4 Pro-code","Pro-code build: two to six months","Platform build: six months or more"))))&IF('Eight questions'!M9="No"," - integration-led, and the integration conversation comes first","")) | J9: =IF('Assurance and gate'!J9="","",IF('Assurance and gate'!J9=1,"Standard guardrails only",IF('Assurance and gate'!J9=2,"Named owner spot-checks, plus platform monitoring",IF('Assurance and gate'!J9=3,"Measured pilot, scheduled re-evaluation and a decision gate","A staffed human control that recurs every time the process runs, monitoring, scheduled evaluation and a route to a person")))&" - plus licences, credits and the monthly consumption review") | K9: =IF(OR('Eight questions'!L9="",'Eight questions'!M9=""),"",IF('Eight questions'!M9="No","Months - integration-led",IF(OR('Eight questions'!L9="Live system state",'Eight questions'!L9="Take an action"),"Months",IF('Eight questions'!L9="Analytical data","Weeks to months",IF('Assurance and gate'!J9=4,"Weeks, plus a full assurance cycle","Weeks"))))) | L9: =IF(IF('Technology direction'!D9="",'Technology direction'!C9,'Technology direction'!D9)="","",IF(IF('Technology direction'!D9="",'Technology direction'!C9,'Technology direction'!D9)="1 Not AI","Automation or Fabric guidance",IF(IF('Technology direction'!D9="",'Technology direction'!C9,'Technology direction'!D9)="2 Ready-made","Ready-made agent enablement and an adoption workshop",IF(IF('Technology direction'!D9="",'Technology direction'!C9,'Technology direction'!D9)="3 Low-code","Copilot Studio enablement, plus a partner for connectors","An architecture design session, plus a partner for the build")))&IF('Assurance and gate'!J9=4," - plus a responsible AI review","")) | M9: =IF(B9="","",IF('Outcome contract'!C9="","The result, stated as an outcome with a number. ","")&IF('Outcome contract'!E9="","Baseline today. ","")&IF('Outcome contract'!F9="","Target. ","")&IF('Outcome contract'!G9="","Owner for the build. ","")&IF('Outcome contract'!H9="","Owner after go-live. ","")&IF('Outcome contract'!I9="","The boundary: what it will refuse to do. ","")&IF(COUNTBLANK('Outcome contract'!M9)>0,"V1 how many people do this work today. ","")&IF(COUNTBLANK('Outcome contract'!N9)>0,"V2 how often it happens. ","")&IF(COUNTBLANK('Outcome contract'!O9)>0,"V3 how long it takes each time. ","")&IF(COUNTBLANK('Outcome contract'!P9)>0,"V4 how often it goes wrong and what that costs. ","")&IF('Outcome contract'!S9="","V6 what happens to the time saved. ","")&IF('Eight questions'!J9="","Data classification. ","")&IF('Eight questions'!M9="","Whether the connection already exists. ","")&IF('Eight questions'!O9="","What a wrong answer costs. ","")&IF(AND('Eight questions'!J9="Regulated",'Eight questions'!I9=""),"Consent and residency position. ","")) | N9: =IF(B9="","",(15-(IF('Outcome contract'!C9="",1,0)+IF('Outcome contract'!E9="",1,0)+IF('Outcome contract'!F9="",1,0)+IF('Outcome contract'!G9="",1,0)+IF('Outcome contract'!H9="",1,0)+IF('Outcome contract'!I9="",1,0)+COUNTBLANK('Outcome contract'!M9)+COUNTBLANK('Outcome contract'!N9)+COUNTBLANK('Outcome contract'!O9)+COUNTBLANK('Outcome contract'!P9)+IF('Outcome contract'!S9="",1,0)+IF('Eight questions'!J9="",1,0)+IF('Eight questions'!M9="",1,0)+IF('Eight questions'!O9="",1,0)+IF('Eight questions'!C9="",1,0)))/15)
A10: =IF(Register!A10="","",Register!A10) | B10: =IF(Register!C10="","",Register!C10) | C10: =IF(OR(IF(Register!U10="",Register!T10,Register!U10)="",'Eight questions'!F10="",'Eight questions'!J10="",'Eight questions'!L10="",'Eight questions'!M10="",'Eight questions'!O10=""),"",IF(AND(IF(Register!U10="",Register!T10,Register!U10)<>"Agent",VALUE(LEFT('Eight questions'!F10,1))<=2,'Eight questions'!O10="Read only",OR('Eight questions'!J10="Public",'Eight questions'!J10="Internal"),OR('Eight questions'!L10="Nothing",'Eight questions'!L10="Static documents"),'Eight questions'!M10="Yes, in production"),"Quick win","No")) | D10: =IF(C10<>"No","",IF(IF(Register!U10="",Register!T10,Register!U10)="Agent","It is an agent",IF(VALUE(LEFT('Eight questions'!F10,1))>2,"Reach is tier 3 or above",IF('Eight questions'!O10<>"Read only","It is not read only - "&'Eight questions'!O10,IF(OR('Eight questions'!J10="Confidential",'Eight questions'!J10="Regulated"),"Data class is "&'Eight questions'!J10,IF(OR('Eight questions'!L10="Live system state",'Eight questions'!L10="Take an action",'Eight questions'!L10="Analytical data"),"The source is not static - "&'Eight questions'!L10,IF('Eight questions'!M10<>"Yes, in production","The connection does not exist in production",""))))))) | E10: =IF('Assurance and gate'!K10="","",'Assurance and gate'!K10) | F10: =IF('Eight questions'!M10="","",IF('Eight questions'!M10="No","Yes - programme work, not a quick win","No")) | G10: =IF(IF('Technology direction'!D10="",'Technology direction'!C10,'Technology direction'!D10)="","",IF('Technology direction'!D10="",'Technology direction'!C10,'Technology direction'!D10)&IF('Technology direction'!H10=""," "," - "&'Technology direction'!H10)&IF('Eight questions'!J10="Regulated"," - constrained by regulated data: a stated data location and private networking",IF('Eight questions'!J10="Confidential"," - constrained by confidential data: an explicit DLP policy and a named retention period",""))) | H10: =IF(IF('Technology direction'!D10="",'Technology direction'!C10,'Technology direction'!D10)="","",IF(IF('Technology direction'!D10="",'Technology direction'!C10,'Technology direction'!D10)="1 Not AI","Automation or data platform team",IF(IF('Technology direction'!D10="",'Technology direction'!C10,'Technology direction'!D10)="2 Ready-made","Workload team plus a Microsoft 365 administrator",IF(IF('Technology direction'!D10="",'Technology direction'!C10,'Technology direction'!D10)="3 Low-code","Workload team, a Copilot Studio maker, and the Platform team for connectors and DLP","Platform team, pro-code engineers, AI security and evaluation")))&IF('Assurance and gate'!J10>=3," - plus AI Centre of Excellence review","")) | I10: =IF(IF('Technology direction'!D10="",'Technology direction'!C10,'Technology direction'!D10)="","",IF(IF('Technology direction'!D10="",'Technology direction'!C10,'Technology direction'!D10)="1 Not AI","Configuration: days to weeks",IF(IF('Technology direction'!D10="",'Technology direction'!C10,'Technology direction'!D10)="2 Ready-made","Configure and adopt: one to three weeks",IF(IF('Technology direction'!D10="",'Technology direction'!C10,'Technology direction'!D10)="3 Low-code","Low-code build: three to eight weeks",IF(IF('Technology direction'!D10="",'Technology direction'!C10,'Technology direction'!D10)="4 Pro-code","Pro-code build: two to six months","Platform build: six months or more"))))&IF('Eight questions'!M10="No"," - integration-led, and the integration conversation comes first","")) | J10: =IF('Assurance and gate'!J10="","",IF('Assurance and gate'!J10=1,"Standard guardrails only",IF('Assurance and gate'!J10=2,"Named owner spot-checks, plus platform monitoring",IF('Assurance and gate'!J10=3,"Measured pilot, scheduled re-evaluation and a decision gate","A staffed human control that recurs every time the process runs, monitoring, scheduled evaluation and a route to a person")))&" - plus licences, credits and the monthly consumption review") | K10: =IF(OR('Eight questions'!L10="",'Eight questions'!M10=""),"",IF('Eight questions'!M10="No","Months - integration-led",IF(OR('Eight questions'!L10="Live system state",'Eight questions'!L10="Take an action"),"Months",IF('Eight questions'!L10="Analytical data","Weeks to months",IF('Assurance and gate'!J10=4,"Weeks, plus a full assurance cycle","Weeks"))))) | L10: =IF(IF('Technology direction'!D10="",'Technology direction'!C10,'Technology direction'!D10)="","",IF(IF('Technology direction'!D10="",'Technology direction'!C10,'Technology direction'!D10)="1 Not AI","Automation or Fabric guidance",IF(IF('Technology direction'!D10="",'Technology direction'!C10,'Technology direction'!D10)="2 Ready-made","Ready-made agent enablement and an adoption workshop",IF(IF('Technology direction'!D10="",'Technology direction'!C10,'Technology direction'!D10)="3 Low-code","Copilot Studio enablement, plus a partner for connectors","An architecture design session, plus a partner for the build")))&IF('Assurance and gate'!J10=4," - plus a responsible AI review","")) | M10: =IF(B10="","",IF('Outcome contract'!C10="","The result, stated as an outcome with a number. ","")&IF('Outcome contract'!E10="","Baseline today. ","")&IF('Outcome contract'!F10="","Target. ","")&IF('Outcome contract'!G10="","Owner for the build. ","")&IF('Outcome contract'!H10="","Owner after go-live. ","")&IF('Outcome contract'!I10="","The boundary: what it will refuse to do. ","")&IF(COUNTBLANK('Outcome contract'!M10)>0,"V1 how many people do this work today. ","")&IF(COUNTBLANK('Outcome contract'!N10)>0,"V2 how often it happens. ","")&IF(COUNTBLANK('Outcome contract'!O10)>0,"V3 how long it takes each time. ","")&IF(COUNTBLANK('Outcome contract'!P10)>0,"V4 how often it goes wrong and what that costs. ","")&IF('Outcome contract'!S10="","V6 what happens to the time saved. ","")&IF('Eight questions'!J10="","Data classification. ","")&IF('Eight questions'!M10="","Whether the connection already exists. ","")&IF('Eight questions'!O10="","What a wrong answer costs. ","")&IF(AND('Eight questions'!J10="Regulated",'Eight questions'!I10=""),"Consent and residency position. ","")) | N10: =IF(B10="","",(15-(IF('Outcome contract'!C10="",1,0)+IF('Outcome contract'!E10="",1,0)+IF('Outcome contract'!F10="",1,0)+IF('Outcome contract'!G10="",1,0)+IF('Outcome contract'!H10="",1,0)+IF('Outcome contract'!I10="",1,0)+COUNTBLANK('Outcome contract'!M10)+COUNTBLANK('Outcome contract'!N10)+COUNTBLANK('Outcome contract'!O10)+COUNTBLANK('Outcome contract'!P10)+IF('Outcome contract'!S10="",1,0)+IF('Eight questions'!J10="",1,0)+IF('Eight questions'!M10="",1,0)+IF('Eight questions'!O10="",1,0)+IF('Eight questions'!C10="",1,0)))/15)
A11: =IF(Register!A11="","",Register!A11) | B11: =IF(Register!C11="","",Register!C11) | C11: =IF(OR(IF(Register!U11="",Register!T11,Register!U11)="",'Eight questions'!F11="",'Eight questions'!J11="",'Eight questions'!L11="",'Eight questions'!M11="",'Eight questions'!O11=""),"",IF(AND(IF(Register!U11="",Register!T11,Register!U11)<>"Agent",VALUE(LEFT('Eight questions'!F11,1))<=2,'Eight questions'!O11="Read only",OR('Eight questions'!J11="Public",'Eight questions'!J11="Internal"),OR('Eight questions'!L11="Nothing",'Eight questions'!L11="Static documents"),'Eight questions'!M11="Yes, in production"),"Quick win","No")) | D11: =IF(C11<>"No","",IF(IF(Register!U11="",Register!T11,Register!U11)="Agent","It is an agent",IF(VALUE(LEFT('Eight questions'!F11,1))>2,"Reach is tier 3 or above",IF('Eight questions'!O11<>"Read only","It is not read only - "&'Eight questions'!O11,IF(OR('Eight questions'!J11="Confidential",'Eight questions'!J11="Regulated"),"Data class is "&'Eight questions'!J11,IF(OR('Eight questions'!L11="Live system state",'Eight questions'!L11="Take an action",'Eight questions'!L11="Analytical data"),"The source is not static - "&'Eight questions'!L11,IF('Eight questions'!M11<>"Yes, in production","The connection does not exist in production",""))))))) | E11: =IF('Assurance and gate'!K11="","",'Assurance and gate'!K11) | F11: =IF('Eight questions'!M11="","",IF('Eight questions'!M11="No","Yes - programme work, not a quick win","No")) | G11: =IF(IF('Technology direction'!D11="",'Technology direction'!C11,'Technology direction'!D11)="","",IF('Technology direction'!D11="",'Technology direction'!C11,'Technology direction'!D11)&IF('Technology direction'!H11=""," "," - "&'Technology direction'!H11)&IF('Eight questions'!J11="Regulated"," - constrained by regulated data: a stated data location and private networking",IF('Eight questions'!J11="Confidential"," - constrained by confidential data: an explicit DLP policy and a named retention period",""))) | H11: =IF(IF('Technology direction'!D11="",'Technology direction'!C11,'Technology direction'!D11)="","",IF(IF('Technology direction'!D11="",'Technology direction'!C11,'Technology direction'!D11)="1 Not AI","Automation or data platform team",IF(IF('Technology direction'!D11="",'Technology direction'!C11,'Technology direction'!D11)="2 Ready-made","Workload team plus a Microsoft 365 administrator",IF(IF('Technology direction'!D11="",'Technology direction'!C11,'Technology direction'!D11)="3 Low-code","Workload team, a Copilot Studio maker, and the Platform team for connectors and DLP","Platform team, pro-code engineers, AI security and evaluation")))&IF('Assurance and gate'!J11>=3," - plus AI Centre of Excellence review","")) | I11: =IF(IF('Technology direction'!D11="",'Technology direction'!C11,'Technology direction'!D11)="","",IF(IF('Technology direction'!D11="",'Technology direction'!C11,'Technology direction'!D11)="1 Not AI","Configuration: days to weeks",IF(IF('Technology direction'!D11="",'Technology direction'!C11,'Technology direction'!D11)="2 Ready-made","Configure and adopt: one to three weeks",IF(IF('Technology direction'!D11="",'Technology direction'!C11,'Technology direction'!D11)="3 Low-code","Low-code build: three to eight weeks",IF(IF('Technology direction'!D11="",'Technology direction'!C11,'Technology direction'!D11)="4 Pro-code","Pro-code build: two to six months","Platform build: six months or more"))))&IF('Eight questions'!M11="No"," - integration-led, and the integration conversation comes first","")) | J11: =IF('Assurance and gate'!J11="","",IF('Assurance and gate'!J11=1,"Standard guardrails only",IF('Assurance and gate'!J11=2,"Named owner spot-checks, plus platform monitoring",IF('Assurance and gate'!J11=3,"Measured pilot, scheduled re-evaluation and a decision gate","A staffed human control that recurs every time the process runs, monitoring, scheduled evaluation and a route to a person")))&" - plus licences, credits and the monthly consumption review") | K11: =IF(OR('Eight questions'!L11="",'Eight questions'!M11=""),"",IF('Eight questions'!M11="No","Months - integration-led",IF(OR('Eight questions'!L11="Live system state",'Eight questions'!L11="Take an action"),"Months",IF('Eight questions'!L11="Analytical data","Weeks to months",IF('Assurance and gate'!J11=4,"Weeks, plus a full assurance cycle","Weeks"))))) | L11: =IF(IF('Technology direction'!D11="",'Technology direction'!C11,'Technology direction'!D11)="","",IF(IF('Technology direction'!D11="",'Technology direction'!C11,'Technology direction'!D11)="1 Not AI","Automation or Fabric guidance",IF(IF('Technology direction'!D11="",'Technology direction'!C11,'Technology direction'!D11)="2 Ready-made","Ready-made agent enablement and an adoption workshop",IF(IF('Technology direction'!D11="",'Technology direction'!C11,'Technology direction'!D11)="3 Low-code","Copilot Studio enablement, plus a partner for connectors","An architecture design session, plus a partner for the build")))&IF('Assurance and gate'!J11=4," - plus a responsible AI review","")) | M11: =IF(B11="","",IF('Outcome contract'!C11="","The result, stated as an outcome with a number. ","")&IF('Outcome contract'!E11="","Baseline today. ","")&IF('Outcome contract'!F11="","Target. ","")&IF('Outcome contract'!G11="","Owner for the build. ","")&IF('Outcome contract'!H11="","Owner after go-live. ","")&IF('Outcome contract'!I11="","The boundary: what it will refuse to do. ","")&IF(COUNTBLANK('Outcome contract'!M11)>0,"V1 how many people do this work today. ","")&IF(COUNTBLANK('Outcome contract'!N11)>0,"V2 how often it happens. ","")&IF(COUNTBLANK('Outcome contract'!O11)>0,"V3 how long it takes each time. ","")&IF(COUNTBLANK('Outcome contract'!P11)>0,"V4 how often it goes wrong and what that costs. ","")&IF('Outcome contract'!S11="","V6 what happens to the time saved. ","")&IF('Eight questions'!J11="","Data classification. ","")&IF('Eight questions'!M11="","Whether the connection already exists. ","")&IF('Eight questions'!O11="","What a wrong answer costs. ","")&IF(AND('Eight questions'!J11="Regulated",'Eight questions'!I11=""),"Consent and residency position. ","")) | N11: =IF(B11="","",(15-(IF('Outcome contract'!C11="",1,0)+IF('Outcome contract'!E11="",1,0)+IF('Outcome contract'!F11="",1,0)+IF('Outcome contract'!G11="",1,0)+IF('Outcome contract'!H11="",1,0)+IF('Outcome contract'!I11="",1,0)+COUNTBLANK('Outcome contract'!M11)+COUNTBLANK('Outcome contract'!N11)+COUNTBLANK('Outcome contract'!O11)+COUNTBLANK('Outcome contract'!P11)+IF('Outcome contract'!S11="",1,0)+IF('Eight questions'!J11="",1,0)+IF('Eight questions'!M11="",1,0)+IF('Eight questions'!O11="",1,0)+IF('Eight questions'!C11="",1,0)))/15)
A12: =IF(Register!A12="","",Register!A12) | B12: =IF(Register!C12="","",Register!C12) | C12: =IF(OR(IF(Register!U12="",Register!T12,Register!U12)="",'Eight questions'!F12="",'Eight questions'!J12="",'Eight questions'!L12="",'Eight questions'!M12="",'Eight questions'!O12=""),"",IF(AND(IF(Register!U12="",Register!T12,Register!U12)<>"Agent",VALUE(LEFT('Eight questions'!F12,1))<=2,'Eight questions'!O12="Read only",OR('Eight questions'!J12="Public",'Eight questions'!J12="Internal"),OR('Eight questions'!L12="Nothing",'Eight questions'!L12="Static documents"),'Eight questions'!M12="Yes, in production"),"Quick win","No")) | D12: =IF(C12<>"No","",IF(IF(Register!U12="",Register!T12,Register!U12)="Agent","It is an agent",IF(VALUE(LEFT('Eight questions'!F12,1))>2,"Reach is tier 3 or above",IF('Eight questions'!O12<>"Read only","It is not read only - "&'Eight questions'!O12,IF(OR('Eight questions'!J12="Confidential",'Eight questions'!J12="Regulated"),"Data class is "&'Eight questions'!J12,IF(OR('Eight questions'!L12="Live system state",'Eight questions'!L12="Take an action",'Eight questions'!L12="Analytical data"),"The source is not static - "&'Eight questions'!L12,IF('Eight questions'!M12<>"Yes, in production","The connection does not exist in production",""))))))) | E12: =IF('Assurance and gate'!K12="","",'Assurance and gate'!K12) | F12: =IF('Eight questions'!M12="","",IF('Eight questions'!M12="No","Yes - programme work, not a quick win","No")) | G12: =IF(IF('Technology direction'!D12="",'Technology direction'!C12,'Technology direction'!D12)="","",IF('Technology direction'!D12="",'Technology direction'!C12,'Technology direction'!D12)&IF('Technology direction'!H12=""," "," - "&'Technology direction'!H12)&IF('Eight questions'!J12="Regulated"," - constrained by regulated data: a stated data location and private networking",IF('Eight questions'!J12="Confidential"," - constrained by confidential data: an explicit DLP policy and a named retention period",""))) | H12: =IF(IF('Technology direction'!D12="",'Technology direction'!C12,'Technology direction'!D12)="","",IF(IF('Technology direction'!D12="",'Technology direction'!C12,'Technology direction'!D12)="1 Not AI","Automation or data platform team",IF(IF('Technology direction'!D12="",'Technology direction'!C12,'Technology direction'!D12)="2 Ready-made","Workload team plus a Microsoft 365 administrator",IF(IF('Technology direction'!D12="",'Technology direction'!C12,'Technology direction'!D12)="3 Low-code","Workload team, a Copilot Studio maker, and the Platform team for connectors and DLP","Platform team, pro-code engineers, AI security and evaluation")))&IF('Assurance and gate'!J12>=3," - plus AI Centre of Excellence review","")) | I12: =IF(IF('Technology direction'!D12="",'Technology direction'!C12,'Technology direction'!D12)="","",IF(IF('Technology direction'!D12="",'Technology direction'!C12,'Technology direction'!D12)="1 Not AI","Configuration: days to weeks",IF(IF('Technology direction'!D12="",'Technology direction'!C12,'Technology direction'!D12)="2 Ready-made","Configure and adopt: one to three weeks",IF(IF('Technology direction'!D12="",'Technology direction'!C12,'Technology direction'!D12)="3 Low-code","Low-code build: three to eight weeks",IF(IF('Technology direction'!D12="",'Technology direction'!C12,'Technology direction'!D12)="4 Pro-code","Pro-code build: two to six months","Platform build: six months or more"))))&IF('Eight questions'!M12="No"," - integration-led, and the integration conversation comes first","")) | J12: =IF('Assurance and gate'!J12="","",IF('Assurance and gate'!J12=1,"Standard guardrails only",IF('Assurance and gate'!J12=2,"Named owner spot-checks, plus platform monitoring",IF('Assurance and gate'!J12=3,"Measured pilot, scheduled re-evaluation and a decision gate","A staffed human control that recurs every time the process runs, monitoring, scheduled evaluation and a route to a person")))&" - plus licences, credits and the monthly consumption review") | K12: =IF(OR('Eight questions'!L12="",'Eight questions'!M12=""),"",IF('Eight questions'!M12="No","Months - integration-led",IF(OR('Eight questions'!L12="Live system state",'Eight questions'!L12="Take an action"),"Months",IF('Eight questions'!L12="Analytical data","Weeks to months",IF('Assurance and gate'!J12=4,"Weeks, plus a full assurance cycle","Weeks"))))) | L12: =IF(IF('Technology direction'!D12="",'Technology direction'!C12,'Technology direction'!D12)="","",IF(IF('Technology direction'!D12="",'Technology direction'!C12,'Technology direction'!D12)="1 Not AI","Automation or Fabric guidance",IF(IF('Technology direction'!D12="",'Technology direction'!C12,'Technology direction'!D12)="2 Ready-made","Ready-made agent enablement and an adoption workshop",IF(IF('Technology direction'!D12="",'Technology direction'!C12,'Technology direction'!D12)="3 Low-code","Copilot Studio enablement, plus a partner for connectors","An architecture design session, plus a partner for the build")))&IF('Assurance and gate'!J12=4," - plus a responsible AI review","")) | M12: =IF(B12="","",IF('Outcome contract'!C12="","The result, stated as an outcome with a number. ","")&IF('Outcome contract'!E12="","Baseline today. ","")&IF('Outcome contract'!F12="","Target. ","")&IF('Outcome contract'!G12="","Owner for the build. ","")&IF('Outcome contract'!H12="","Owner after go-live. ","")&IF('Outcome contract'!I12="","The boundary: what it will refuse to do. ","")&IF(COUNTBLANK('Outcome contract'!M12)>0,"V1 how many people do this work today. ","")&IF(COUNTBLANK('Outcome contract'!N12)>0,"V2 how often it happens. ","")&IF(COUNTBLANK('Outcome contract'!O12)>0,"V3 how long it takes each time. ","")&IF(COUNTBLANK('Outcome contract'!P12)>0,"V4 how often it goes wrong and what that costs. ","")&IF('Outcome contract'!S12="","V6 what happens to the time saved. ","")&IF('Eight questions'!J12="","Data classification. ","")&IF('Eight questions'!M12="","Whether the connection already exists. ","")&IF('Eight questions'!O12="","What a wrong answer costs. ","")&IF(AND('Eight questions'!J12="Regulated",'Eight questions'!I12=""),"Consent and residency position. ","")) | N12: =IF(B12="","",(15-(IF('Outcome contract'!C12="",1,0)+IF('Outcome contract'!E12="",1,0)+IF('Outcome contract'!F12="",1,0)+IF('Outcome contract'!G12="",1,0)+IF('Outcome contract'!H12="",1,0)+IF('Outcome contract'!I12="",1,0)+COUNTBLANK('Outcome contract'!M12)+COUNTBLANK('Outcome contract'!N12)+COUNTBLANK('Outcome contract'!O12)+COUNTBLANK('Outcome contract'!P12)+IF('Outcome contract'!S12="",1,0)+IF('Eight questions'!J12="",1,0)+IF('Eight questions'!M12="",1,0)+IF('Eight questions'!O12="",1,0)+IF('Eight questions'!C12="",1,0)))/15)
A13: =IF(Register!A13="","",Register!A13) | B13: =IF(Register!C13="","",Register!C13) | C13: =IF(OR(IF(Register!U13="",Register!T13,Register!U13)="",'Eight questions'!F13="",'Eight questions'!J13="",'Eight questions'!L13="",'Eight questions'!M13="",'Eight questions'!O13=""),"",IF(AND(IF(Register!U13="",Register!T13,Register!U13)<>"Agent",VALUE(LEFT('Eight questions'!F13,1))<=2,'Eight questions'!O13="Read only",OR('Eight questions'!J13="Public",'Eight questions'!J13="Internal"),OR('Eight questions'!L13="Nothing",'Eight questions'!L13="Static documents"),'Eight questions'!M13="Yes, in production"),"Quick win","No")) | D13: =IF(C13<>"No","",IF(IF(Register!U13="",Register!T13,Register!U13)="Agent","It is an agent",IF(VALUE(LEFT('Eight questions'!F13,1))>2,"Reach is tier 3 or above",IF('Eight questions'!O13<>"Read only","It is not read only - "&'Eight questions'!O13,IF(OR('Eight questions'!J13="Confidential",'Eight questions'!J13="Regulated"),"Data class is "&'Eight questions'!J13,IF(OR('Eight questions'!L13="Live system state",'Eight questions'!L13="Take an action",'Eight questions'!L13="Analytical data"),"The source is not static - "&'Eight questions'!L13,IF('Eight questions'!M13<>"Yes, in production","The connection does not exist in production",""))))))) | E13: =IF('Assurance and gate'!K13="","",'Assurance and gate'!K13) | F13: =IF('Eight questions'!M13="","",IF('Eight questions'!M13="No","Yes - programme work, not a quick win","No")) | G13: =IF(IF('Technology direction'!D13="",'Technology direction'!C13,'Technology direction'!D13)="","",IF('Technology direction'!D13="",'Technology direction'!C13,'Technology direction'!D13)&IF('Technology direction'!H13=""," "," - "&'Technology direction'!H13)&IF('Eight questions'!J13="Regulated"," - constrained by regulated data: a stated data location and private networking",IF('Eight questions'!J13="Confidential"," - constrained by confidential data: an explicit DLP policy and a named retention period",""))) | H13: =IF(IF('Technology direction'!D13="",'Technology direction'!C13,'Technology direction'!D13)="","",IF(IF('Technology direction'!D13="",'Technology direction'!C13,'Technology direction'!D13)="1 Not AI","Automation or data platform team",IF(IF('Technology direction'!D13="",'Technology direction'!C13,'Technology direction'!D13)="2 Ready-made","Workload team plus a Microsoft 365 administrator",IF(IF('Technology direction'!D13="",'Technology direction'!C13,'Technology direction'!D13)="3 Low-code","Workload team, a Copilot Studio maker, and the Platform team for connectors and DLP","Platform team, pro-code engineers, AI security and evaluation")))&IF('Assurance and gate'!J13>=3," - plus AI Centre of Excellence review","")) | I13: =IF(IF('Technology direction'!D13="",'Technology direction'!C13,'Technology direction'!D13)="","",IF(IF('Technology direction'!D13="",'Technology direction'!C13,'Technology direction'!D13)="1 Not AI","Configuration: days to weeks",IF(IF('Technology direction'!D13="",'Technology direction'!C13,'Technology direction'!D13)="2 Ready-made","Configure and adopt: one to three weeks",IF(IF('Technology direction'!D13="",'Technology direction'!C13,'Technology direction'!D13)="3 Low-code","Low-code build: three to eight weeks",IF(IF('Technology direction'!D13="",'Technology direction'!C13,'Technology direction'!D13)="4 Pro-code","Pro-code build: two to six months","Platform build: six months or more"))))&IF('Eight questions'!M13="No"," - integration-led, and the integration conversation comes first","")) | J13: =IF('Assurance and gate'!J13="","",IF('Assurance and gate'!J13=1,"Standard guardrails only",IF('Assurance and gate'!J13=2,"Named owner spot-checks, plus platform monitoring",IF('Assurance and gate'!J13=3,"Measured pilot, scheduled re-evaluation and a decision gate","A staffed human control that recurs every time the process runs, monitoring, scheduled evaluation and a route to a person")))&" - plus licences, credits and the monthly consumption review") | K13: =IF(OR('Eight questions'!L13="",'Eight questions'!M13=""),"",IF('Eight questions'!M13="No","Months - integration-led",IF(OR('Eight questions'!L13="Live system state",'Eight questions'!L13="Take an action"),"Months",IF('Eight questions'!L13="Analytical data","Weeks to months",IF('Assurance and gate'!J13=4,"Weeks, plus a full assurance cycle","Weeks"))))) | L13: =IF(IF('Technology direction'!D13="",'Technology direction'!C13,'Technology direction'!D13)="","",IF(IF('Technology direction'!D13="",'Technology direction'!C13,'Technology direction'!D13)="1 Not AI","Automation or Fabric guidance",IF(IF('Technology direction'!D13="",'Technology direction'!C13,'Technology direction'!D13)="2 Ready-made","Ready-made agent enablement and an adoption workshop",IF(IF('Technology direction'!D13="",'Technology direction'!C13,'Technology direction'!D13)="3 Low-code","Copilot Studio enablement, plus a partner for connectors","An architecture design session, plus a partner for the build")))&IF('Assurance and gate'!J13=4," - plus a responsible AI review","")) | M13: =IF(B13="","",IF('Outcome contract'!C13="","The result, stated as an outcome with a number. ","")&IF('Outcome contract'!E13="","Baseline today. ","")&IF('Outcome contract'!F13="","Target. ","")&IF('Outcome contract'!G13="","Owner for the build. ","")&IF('Outcome contract'!H13="","Owner after go-live. ","")&IF('Outcome contract'!I13="","The boundary: what it will refuse to do. ","")&IF(COUNTBLANK('Outcome contract'!M13)>0,"V1 how many people do this work today. ","")&IF(COUNTBLANK('Outcome contract'!N13)>0,"V2 how often it happens. ","")&IF(COUNTBLANK('Outcome contract'!O13)>0,"V3 how long it takes each time. ","")&IF(COUNTBLANK('Outcome contract'!P13)>0,"V4 how often it goes wrong and what that costs. ","")&IF('Outcome contract'!S13="","V6 what happens to the time saved. ","")&IF('Eight questions'!J13="","Data classification. ","")&IF('Eight questions'!M13="","Whether the connection already exists. ","")&IF('Eight questions'!O13="","What a wrong answer costs. ","")&IF(AND('Eight questions'!J13="Regulated",'Eight questions'!I13=""),"Consent and residency position. ","")) | N13: =IF(B13="","",(15-(IF('Outcome contract'!C13="",1,0)+IF('Outcome contract'!E13="",1,0)+IF('Outcome contract'!F13="",1,0)+IF('Outcome contract'!G13="",1,0)+IF('Outcome contract'!H13="",1,0)+IF('Outcome contract'!I13="",1,0)+COUNTBLANK('Outcome contract'!M13)+COUNTBLANK('Outcome contract'!N13)+COUNTBLANK('Outcome contract'!O13)+COUNTBLANK('Outcome contract'!P13)+IF('Outcome contract'!S13="",1,0)+IF('Eight questions'!J13="",1,0)+IF('Eight questions'!M13="",1,0)+IF('Eight questions'!O13="",1,0)+IF('Eight questions'!C13="",1,0)))/15)
A14: =IF(Register!A14="","",Register!A14) | B14: =IF(Register!C14="","",Register!C14) | C14: =IF(OR(IF(Register!U14="",Register!T14,Register!U14)="",'Eight questions'!F14="",'Eight questions'!J14="",'Eight questions'!L14="",'Eight questions'!M14="",'Eight questions'!O14=""),"",IF(AND(IF(Register!U14="",Register!T14,Register!U14)<>"Agent",VALUE(LEFT('Eight questions'!F14,1))<=2,'Eight questions'!O14="Read only",OR('Eight questions'!J14="Public",'Eight questions'!J14="Internal"),OR('Eight questions'!L14="Nothing",'Eight questions'!L14="Static documents"),'Eight questions'!M14="Yes, in production"),"Quick win","No")) | D14: =IF(C14<>"No","",IF(IF(Register!U14="",Register!T14,Register!U14)="Agent","It is an agent",IF(VALUE(LEFT('Eight questions'!F14,1))>2,"Reach is tier 3 or above",IF('Eight questions'!O14<>"Read only","It is not read only - "&'Eight questions'!O14,IF(OR('Eight questions'!J14="Confidential",'Eight questions'!J14="Regulated"),"Data class is "&'Eight questions'!J14,IF(OR('Eight questions'!L14="Live system state",'Eight questions'!L14="Take an action",'Eight questions'!L14="Analytical data"),"The source is not static - "&'Eight questions'!L14,IF('Eight questions'!M14<>"Yes, in production","The connection does not exist in production",""))))))) | E14: =IF('Assurance and gate'!K14="","",'Assurance and gate'!K14) | F14: =IF('Eight questions'!M14="","",IF('Eight questions'!M14="No","Yes - programme work, not a quick win","No")) | G14: =IF(IF('Technology direction'!D14="",'Technology direction'!C14,'Technology direction'!D14)="","",IF('Technology direction'!D14="",'Technology direction'!C14,'Technology direction'!D14)&IF('Technology direction'!H14=""," "," - "&'Technology direction'!H14)&IF('Eight questions'!J14="Regulated"," - constrained by regulated data: a stated data location and private networking",IF('Eight questions'!J14="Confidential"," - constrained by confidential data: an explicit DLP policy and a named retention period",""))) | H14: =IF(IF('Technology direction'!D14="",'Technology direction'!C14,'Technology direction'!D14)="","",IF(IF('Technology direction'!D14="",'Technology direction'!C14,'Technology direction'!D14)="1 Not AI","Automation or data platform team",IF(IF('Technology direction'!D14="",'Technology direction'!C14,'Technology direction'!D14)="2 Ready-made","Workload team plus a Microsoft 365 administrator",IF(IF('Technology direction'!D14="",'Technology direction'!C14,'Technology direction'!D14)="3 Low-code","Workload team, a Copilot Studio maker, and the Platform team for connectors and DLP","Platform team, pro-code engineers, AI security and evaluation")))&IF('Assurance and gate'!J14>=3," - plus AI Centre of Excellence review","")) | I14: =IF(IF('Technology direction'!D14="",'Technology direction'!C14,'Technology direction'!D14)="","",IF(IF('Technology direction'!D14="",'Technology direction'!C14,'Technology direction'!D14)="1 Not AI","Configuration: days to weeks",IF(IF('Technology direction'!D14="",'Technology direction'!C14,'Technology direction'!D14)="2 Ready-made","Configure and adopt: one to three weeks",IF(IF('Technology direction'!D14="",'Technology direction'!C14,'Technology direction'!D14)="3 Low-code","Low-code build: three to eight weeks",IF(IF('Technology direction'!D14="",'Technology direction'!C14,'Technology direction'!D14)="4 Pro-code","Pro-code build: two to six months","Platform build: six months or more"))))&IF('Eight questions'!M14="No"," - integration-led, and the integration conversation comes first","")) | J14: =IF('Assurance and gate'!J14="","",IF('Assurance and gate'!J14=1,"Standard guardrails only",IF('Assurance and gate'!J14=2,"Named owner spot-checks, plus platform monitoring",IF('Assurance and gate'!J14=3,"Measured pilot, scheduled re-evaluation and a decision gate","A staffed human control that recurs every time the process runs, monitoring, scheduled evaluation and a route to a person")))&" - plus licences, credits and the monthly consumption review") | K14: =IF(OR('Eight questions'!L14="",'Eight questions'!M14=""),"",IF('Eight questions'!M14="No","Months - integration-led",IF(OR('Eight questions'!L14="Live system state",'Eight questions'!L14="Take an action"),"Months",IF('Eight questions'!L14="Analytical data","Weeks to months",IF('Assurance and gate'!J14=4,"Weeks, plus a full assurance cycle","Weeks"))))) | L14: =IF(IF('Technology direction'!D14="",'Technology direction'!C14,'Technology direction'!D14)="","",IF(IF('Technology direction'!D14="",'Technology direction'!C14,'Technology direction'!D14)="1 Not AI","Automation or Fabric guidance",IF(IF('Technology direction'!D14="",'Technology direction'!C14,'Technology direction'!D14)="2 Ready-made","Ready-made agent enablement and an adoption workshop",IF(IF('Technology direction'!D14="",'Technology direction'!C14,'Technology direction'!D14)="3 Low-code","Copilot Studio enablement, plus a partner for connectors","An architecture design session, plus a partner for the build")))&IF('Assurance and gate'!J14=4," - plus a responsible AI review","")) | M14: =IF(B14="","",IF('Outcome contract'!C14="","The result, stated as an outcome with a number. ","")&IF('Outcome contract'!E14="","Baseline today. ","")&IF('Outcome contract'!F14="","Target. ","")&IF('Outcome contract'!G14="","Owner for the build. ","")&IF('Outcome contract'!H14="","Owner after go-live. ","")&IF('Outcome contract'!I14="","The boundary: what it will refuse to do. ","")&IF(COUNTBLANK('Outcome contract'!M14)>0,"V1 how many people do this work today. ","")&IF(COUNTBLANK('Outcome contract'!N14)>0,"V2 how often it happens. ","")&IF(COUNTBLANK('Outcome contract'!O14)>0,"V3 how long it takes each time. ","")&IF(COUNTBLANK('Outcome contract'!P14)>0,"V4 how often it goes wrong and what that costs. ","")&IF('Outcome contract'!S14="","V6 what happens to the time saved. ","")&IF('Eight questions'!J14="","Data classification. ","")&IF('Eight questions'!M14="","Whether the connection already exists. ","")&IF('Eight questions'!O14="","What a wrong answer costs. ","")&IF(AND('Eight questions'!J14="Regulated",'Eight questions'!I14=""),"Consent and residency position. ","")) | N14: =IF(B14="","",(15-(IF('Outcome contract'!C14="",1,0)+IF('Outcome contract'!E14="",1,0)+IF('Outcome contract'!F14="",1,0)+IF('Outcome contract'!G14="",1,0)+IF('Outcome contract'!H14="",1,0)+IF('Outcome contract'!I14="",1,0)+COUNTBLANK('Outcome contract'!M14)+COUNTBLANK('Outcome contract'!N14)+COUNTBLANK('Outcome contract'!O14)+COUNTBLANK('Outcome contract'!P14)+IF('Outcome contract'!S14="",1,0)+IF('Eight questions'!J14="",1,0)+IF('Eight questions'!M14="",1,0)+IF('Eight questions'!O14="",1,0)+IF('Eight questions'!C14="",1,0)))/15)
